incident_name,hacker_address,tx_type,hash,blockNumber,timeStamp,from,to,value,gas,gasPrice,gasUsed,methodId,functionName
THORChain_-,0x4a33862042d004d3fc45e284e1aafa05b48e3c9c,normal,0xda39a3fc453761f4d6d7f11feaab1a98e027323a244f7145ac1a9365846a070a,12831895,1626356793,0x08416a6823e5090e5605300fb8b48ee2053555b0,,0,273044,45000000000,273044,0x60806040,"atInversebrah(int248 a, uint48[] b, uint32 c, bytes20[] d, bytes30[] e)"
THORChain_-,0x4a33862042d004d3fc45e284e1aafa05b48e3c9c,normal,0x3d4c09bcf91f48a2de347c95f9aaa0d880ed796fa97dd28d9ec4a362b8697b8c,12833114,1626373305,0x3a196410a0f5facd08fd7880a4b8551cd085c031,0x4a33862042d004d3fc45e284e1aafa05b48e3c9c,400000000000000000,50663,70000000000,45476,0x25999832,
THORChain_-,0x4a33862042d004d3fc45e284e1aafa05b48e3c9c,normal,0x87cc796b3591145a2af8db9dafc115077a10fbccd8a1d7d76db4ee2375748dd3,12833127,1626373490,0x4b713980d60b4994e0aa298a66805ec0d35ebc5a,0x4a33862042d004d3fc45e284e1aafa05b48e3c9c,5746000000000000000,50663,70000000000,45476,0x25999832,
THORChain_-,0x4a33862042d004d3fc45e284e1aafa05b48e3c9c,normal,0xc75b9ef9a2f8ffe3ba20a8f5f7133d8b9c25e5baa918ff4c9eade879d33a4c58,12833153,1626373767,0x3a196410a0f5facd08fd7880a4b8551cd085c031,0x4a33862042d004d3fc45e284e1aafa05b48e3c9c,396816680000000030,50639,70000000000,45452,0x25999832,
THORChain_-,0x4a33862042d004d3fc45e284e1aafa05b48e3c9c,normal,0xe4efe2027d595a8fb454445275cd0c1942f6d3c436df7d020a0ae8170a790c41,12833159,1626373817,0x4b713980d60b4994e0aa298a66805ec0d35ebc5a,0x4a33862042d004d3fc45e284e1aafa05b48e3c9c,7540000000000000000,50663,70000000000,45476,0x25999832,
THORChain_-,0x4a33862042d004d3fc45e284e1aafa05b48e3c9c,normal,0x6325fc986c965c789153d5b33cb949640b843ece82219dd31ad96e2b78dda45a,12833170,1626373987,0x4b713980d60b4994e0aa298a66805ec0d35ebc5a,0x4a33862042d004d3fc45e284e1aafa05b48e3c9c,8374882360000000000,49176,70000000000,44000,0x25999832,
THORChain_-,0x4a33862042d004d3fc45e284e1aafa05b48e3c9c,normal,0x82222fbbb2621493221e6af6895cab9b27dc9efc2d8a55c9242df22f99992327,12833182,1626374217,0x3a196410a0f5facd08fd7880a4b8551cd085c031,0x4a33862042d004d3fc45e284e1aafa05b48e3c9c,7455854656237595000,49164,70000000000,43988,0x25999832,
THORChain_-,0x4a33862042d004d3fc45e284e1aafa05b48e3c9c,normal,0xa5f09545d9c190f02eade25cfd765981c30ca269597e9c9299e57d01ed10ed92,12833187,1626374297,0x4b713980d60b4994e0aa298a66805ec0d35ebc5a,0x4a33862042d004d3fc45e284e1aafa05b48e3c9c,8371802360000000000,49188,70000000000,44012,0x25999832,
THORChain_-,0x4a33862042d004d3fc45e284e1aafa05b48e3c9c,normal,0xd72f7cec0f035df194f917f3baacbde2fc8254391c81823b2bf20ad1069593a5,12833198,1626374434,0x3a196410a0f5facd08fd7880a4b8551cd085c031,0x4a33862042d004d3fc45e284e1aafa05b48e3c9c,7449606084237595000,49164,70000000000,43988,0x25999832,
THORChain_-,0x4a33862042d004d3fc45e284e1aafa05b48e3c9c,normal,0x020d246d9d0cbf2b3ada6b55932bdeea0939f56eb8b65fd6ecd7a25f9592daa9,12833203,1626374508,0x08416a6823e5090e5605300fb8b48ee2053555b0,0x4a33862042d004d3fc45e284e1aafa05b48e3c9c,6696649826877326500,49164,70000000000,43988,0x25999832,
THORChain_-,0x4a33862042d004d3fc45e284e1aafa05b48e3c9c,normal,0x5b6b42c1fecf027d5efcd12c20fc4bf55486e438c580cd3eead326238ffacfa6,12833218,1626374670,0x3a196410a0f5facd08fd7880a4b8551cd085c031,0x4a33862042d004d3fc45e284e1aafa05b48e3c9c,14165000000000000000,49188,70000000000,44012,0x25999832,
THORChain_-,0x4a33862042d004d3fc45e284e1aafa05b48e3c9c,normal,0xadc8fda5394ef806ff920dfb97868b44fd32cbbb15a7daaee27260c9a39e00ca,12833234,1626374889,0x08416a6823e5090e5605300fb8b48ee2053555b0,0x4a33862042d004d3fc45e284e1aafa05b48e3c9c,6693570666877326000,48169,70000000000,42998,0x25999832,
THORChain_-,0x4a33862042d004d3fc45e284e1aafa05b48e3c9c,normal,0x47f1fb95da94576105d92f6320f77c8e1d2bfb9f9944460822c8ecc90ee02339,12833242,1626374942,0x3a196410a0f5facd08fd7880a4b8551cd085c031,0x4a33862042d004d3fc45e284e1aafa05b48e3c9c,14990162694561933000,48169,80000000000,42998,0x25999832,
THORChain_-,0x4a33862042d004d3fc45e284e1aafa05b48e3c9c,normal,0xa5a383678852d3bdee8c8fb8c70892cc044c780cb47f353f39f0cc9f3ef66421,12833244,1626374960,0x3a196410a0f5facd08fd7880a4b8551cd085c031,0x4a33862042d004d3fc45e284e1aafa05b48e3c9c,14986722854561933000,48169,80000000000,42998,0x25999832,
THORChain_-,0x4a33862042d004d3fc45e284e1aafa05b48e3c9c,normal,0x78cd7021ac99027c464c4464ca7e1b57d1827e3959b10700e6e080661a40c779,12833248,1626375024,0x3a196410a0f5facd08fd7880a4b8551cd085c031,0x4a33862042d004d3fc45e284e1aafa05b48e3c9c,29959045704561930000,48169,80000000000,42998,0x25999832,
THORChain_-,0x4a33862042d004d3fc45e284e1aafa05b48e3c9c,normal,0x39decf95d9d9728f80ab0bda1bdfeee85cce98bba39b66790a2202619b44bc9f,12833248,1626375024,0x3a196410a0f5facd08fd7880a4b8551cd085c031,0x4a33862042d004d3fc45e284e1aafa05b48e3c9c,29959045704561930000,48169,80000000000,42998,0x25999832,
THORChain_-,0x4a33862042d004d3fc45e284e1aafa05b48e3c9c,normal,0xc5c224fb8bea0fde468fb50aba45e890bb6b694fbe47e007e994f0d3eb303971,12833252,1626375144,0x3a196410a0f5facd08fd7880a4b8551cd085c031,0x4a33862042d004d3fc45e284e1aafa05b48e3c9c,44924488874561930000,48169,80000000000,42998,0x25999832,
THORChain_-,0x4a33862042d004d3fc45e284e1aafa05b48e3c9c,normal,0x32933c28281489256949842b9f4c9f85a6e557553dce2aee35f2f52110cfc0c9,12833255,1626375185,0x3a196410a0f5facd08fd7880a4b8551cd085c031,0x4a33862042d004d3fc45e284e1aafa05b48e3c9c,100265000000000000000,48169,80000000000,42998,0x25999832,
THORChain_-,0x4a33862042d004d3fc45e284e1aafa05b48e3c9c,normal,0xfe9597c29e557bdc31fbe31bb4709d57457023b9e66c4ad7ebe443c39b10d8ca,12833258,1626375238,0x3a196410a0f5facd08fd7880a4b8551cd085c031,0x4a33862042d004d3fc45e284e1aafa05b48e3c9c,149716989464561950000,48169,80000000000,42998,0x25999832,
THORChain_-,0x4a33862042d004d3fc45e284e1aafa05b48e3c9c,normal,0xc1d1c1367b3ba3ef409b9ab78fd1ec7bc8a822aabef81b944a72f4ac278bb139,12833262,1626375276,0x3a196410a0f5facd08fd7880a4b8551cd085c031,0x4a33862042d004d3fc45e284e1aafa05b48e3c9c,249964149624561940000,48169,80000000000,42998,0x25999832,
THORChain_-,0x4a33862042d004d3fc45e284e1aafa05b48e3c9c,normal,0x1d1b826718681f474e704f85a0b03ad8b051804d23cd818d4ecebb471514f509,12833264,1626375349,0x3a196410a0f5facd08fd7880a4b8551cd085c031,0x4a33862042d004d3fc45e284e1aafa05b48e3c9c,249960709784561940000,48169,80000000000,42998,0x25999832,
THORChain_-,0x4a33862042d004d3fc45e284e1aafa05b48e3c9c,normal,0xfe739dc4092785b9024c60cd94ea2ab3368c69c7e471aa9facb95106650390c6,12833268,1626375391,0x3a196410a0f5facd08fd7880a4b8551cd085c031,0x4a33862042d004d3fc45e284e1aafa05b48e3c9c,600231200000000000000,48169,90000000000,42998,0x25999832,
THORChain_-,0x4a33862042d004d3fc45e284e1aafa05b48e3c9c,normal,0x9bce82d88d9bf3f505735effd6006069214dc17414ef261bcb5595a861008f30,12833271,1626375457,0x3a196410a0f5facd08fd7880a4b8551cd085c031,0x4a33862042d004d3fc45e284e1aafa05b48e3c9c,300100000000000000000,48169,90000000000,42998,0x25999832,
THORChain_-,0x4a33862042d004d3fc45e284e1aafa05b48e3c9c,normal,0x846fe82570ed32c252adaa13fa8eb37e89aca03c03ea1ac413f7c4eb109d1489,12833275,1626375540,0x3a196410a0f5facd08fd7880a4b8551cd085c031,0x4a33862042d004d3fc45e284e1aafa05b48e3c9c,600150000000000000000,48169,90000000000,42998,0x25999832,
THORChain_-,0x4a33862042d004d3fc45e284e1aafa05b48e3c9c,normal,0xd58d1ef6d6e49eb99d0524128c16115893396fd05877ef4856fce474b5ba09a7,12833282,1626375595,0x3a196410a0f5facd08fd7880a4b8551cd085c031,0x4a33862042d004d3fc45e284e1aafa05b48e3c9c,1500051450000000000000,48169,90000000000,42998,0x25999832,
THORChain_-,0x4a33862042d004d3fc45e284e1aafa05b48e3c9c,normal,0x347926a5af7c8434f27ddfcfd14a42ac1525b0fcb3e6803203a83c89276660e3,12833285,1626375651,0x3a196410a0f5facd08fd7880a4b8551cd085c031,0x4a33862042d004d3fc45e284e1aafa05b48e3c9c,1500273550000000000000,48169,90000000000,42998,0x25999832,
THORChain_-,0x4a33862042d004d3fc45e284e1aafa05b48e3c9c,normal,0xe30f53e7f8d153c50c53574b7055098ba5949948c33674ec779d19fee73170dc,12833297,1626375780,0x3a196410a0f5facd08fd7880a4b8551cd085c031,0x4a33862042d004d3fc45e284e1aafa05b48e3c9c,300000000000000000000,48169,90000000000,42998,0x25999832,
THORChain_-,0x4a33862042d004d3fc45e284e1aafa05b48e3c9c,normal,0xdd391866cfe27e2a2e17fe902106163b0a93d3cfeaa9707b555fb20ef3817d7d,12833310,1626375962,0x3a196410a0f5facd08fd7880a4b8551cd085c031,0x4a33862042d004d3fc45e284e1aafa05b48e3c9c,100000000000000000000,49188,90000000000,44012,0x25999832,
THORChain_-,0x4a33862042d004d3fc45e284e1aafa05b48e3c9c,normal,0xe71529643934723a0da66825e51d3c0fcacda791be724f633ad7987ab58a5c13,12833327,1626376228,0x3a196410a0f5facd08fd7880a4b8551cd085c031,0x4a33862042d004d3fc45e284e1aafa05b48e3c9c,100000000000000000000,49176,90000000000,44000,0x25999832,
THORChain_-,0x4a33862042d004d3fc45e284e1aafa05b48e3c9c,normal,0x365a7753b2d51c5ac1671337bd571c3540056b89c3fd51be5f6ccf01f8437998,12833329,1626376249,0x3a196410a0f5facd08fd7880a4b8551cd085c031,0x4a33862042d004d3fc45e284e1aafa05b48e3c9c,100000000000000000000,49164,90000000000,43988,0x25999832,
THORChain_-,0x4a33862042d004d3fc45e284e1aafa05b48e3c9c,normal,0xac512c2cbb47801b2bf505465b4b7ca3e3b95e54302a461991223f04445d26ac,12833332,1626376285,0x3a196410a0f5facd08fd7880a4b8551cd085c031,0x4a33862042d004d3fc45e284e1aafa05b48e3c9c,200000000000000000000,49164,90000000000,43988,0x25999832,
THORChain_-,0x4a33862042d004d3fc45e284e1aafa05b48e3c9c,normal,0xb23beeb4c72755230ce655d1c45cba1c662e55e4aa1f47a4a3b0ef4a3cf4362e,12833336,1626376315,0x3a196410a0f5facd08fd7880a4b8551cd085c031,0x4a33862042d004d3fc45e284e1aafa05b48e3c9c,200000000000000000000,49164,90000000000,43988,0x25999832,
THORChain_-,0x4a33862042d004d3fc45e284e1aafa05b48e3c9c,normal,0x3c0377b41d3b0d709cf5fe15767422b91faab724a12816c4650833e551406e36,12833337,1626376320,0x3a196410a0f5facd08fd7880a4b8551cd085c031,0x4a33862042d004d3fc45e284e1aafa05b48e3c9c,200000000000000000000,49176,90000000000,44000,0x25999832,
THORChain_-,0x4a33862042d004d3fc45e284e1aafa05b48e3c9c,normal,0xe8091da4913917336b071a1001517f9c4431586a2e57899acbfd8759ce5c051f,12833340,1626376397,0x3a196410a0f5facd08fd7880a4b8551cd085c031,0x4a33862042d004d3fc45e284e1aafa05b48e3c9c,200000000000000000000,49188,90000000000,44012,0x25999832,
THORChain_-,0x4a33862042d004d3fc45e284e1aafa05b48e3c9c,normal,0xbc68035ce2c8a2c549604ff7db59e07931f39040758b138190338fa697338db3,12833356,1626376551,0x3a196410a0f5facd08fd7880a4b8551cd085c031,0x4a33862042d004d3fc45e284e1aafa05b48e3c9c,200000000000000000000,49176,90000000000,44000,0x25999832,
THORChain_-,0x4a33862042d004d3fc45e284e1aafa05b48e3c9c,normal,0x5da19c1c5c2f6bbdf9d4fb0e6ff16a0df6d6d7fe1f8e95ca755e5b3c6aada458,12833371,1626376773,0x3a196410a0f5facd08fd7880a4b8551cd085c031,0x4a33862042d004d3fc45e284e1aafa05b48e3c9c,200000000000000000000,49188,90000000000,44012,0x25999832,
THORChain_-,0x4a33862042d004d3fc45e284e1aafa05b48e3c9c,normal,0xe7363af16e5cdc56f2743a3b78258934695c6b091b3345af9cd286411cf93088,12833389,1626376985,0x3a196410a0f5facd08fd7880a4b8551cd085c031,0x4a33862042d004d3fc45e284e1aafa05b48e3c9c,200000000000000000000,49176,90000000000,44000,0x25999832,
THORChain_-,0x4a33862042d004d3fc45e284e1aafa05b48e3c9c,normal,0x4f61a1590c4aa2a30ffab1735f5273b72bc1fbb63f90d5faf1b380312913bb55,12833422,1626377451,0x3a196410a0f5facd08fd7880a4b8551cd085c031,0x4a33862042d004d3fc45e284e1aafa05b48e3c9c,100000000000000000000,49164,90000000000,43988,0x25999832,
THORChain_-,0x4a33862042d004d3fc45e284e1aafa05b48e3c9c,normal,0x91cd37d7e59f2c6a96e002059d03218045eda4e2b487c1e70619162826e57afa,12833427,1626377546,0x3a196410a0f5facd08fd7880a4b8551cd085c031,0x4a33862042d004d3fc45e284e1aafa05b48e3c9c,200000000000000000000,49164,90000000000,43988,0x25999832,
THORChain_-,0x4a33862042d004d3fc45e284e1aafa05b48e3c9c,normal,0x5b5a971dcf5e8a2b551e2e9cf3eacf3c30d49a3289afc4eadf1a1d3ef5af87d4,12833439,1626377695,0x3a196410a0f5facd08fd7880a4b8551cd085c031,0x4a33862042d004d3fc45e284e1aafa05b48e3c9c,400000000000000000000,49188,90000000000,44012,0x25999832,
THORChain_-,0x4a33862042d004d3fc45e284e1aafa05b48e3c9c,normal,0x9d60d243c01c735e2db88c044e77142d5d1d6d3cb21a0bd16f496a6a2327c70b,12833443,1626377735,0x3a196410a0f5facd08fd7880a4b8551cd085c031,0x4a33862042d004d3fc45e284e1aafa05b48e3c9c,400000000000000000000,49188,90000000000,44012,0x25999832,
THORChain_-,0x4a33862042d004d3fc45e284e1aafa05b48e3c9c,normal,0xfe4b3fe42ef4edc9a33791dc415d7bf22bf0c4a77b270a46b06f2ec4f5664313,12833445,1626377745,0x3a196410a0f5facd08fd7880a4b8551cd085c031,0x4a33862042d004d3fc45e284e1aafa05b48e3c9c,400000000000000000000,49164,90000000000,43988,0x25999832,
THORChain_-,0x4a33862042d004d3fc45e284e1aafa05b48e3c9c,normal,0x03c90ba802f5cc14fb21912e8ecd3501c09d60f7335293a1d4b2b9f4500d29c5,12833447,1626377758,0x3a196410a0f5facd08fd7880a4b8551cd085c031,0x4a33862042d004d3fc45e284e1aafa05b48e3c9c,2000000000000000000000,49164,90000000000,43988,0x25999832,
THORChain_-,0x4a33862042d004d3fc45e284e1aafa05b48e3c9c,normal,0x8fef62a0837c9e41429de427e7c8692df66004c74cf25cb70127b36df1b44036,12833448,1626377786,0x3a196410a0f5facd08fd7880a4b8551cd085c031,0x4a33862042d004d3fc45e284e1aafa05b48e3c9c,2000000000000000000000,49188,90000000000,44012,0x25999832,
THORChain_-,0x4a33862042d004d3fc45e284e1aafa05b48e3c9c,normal,0x91395c49f8100ba856e1d630b9aba5e42a150049ecfd3e63cf3ea94b29694e12,12833453,1626377819,0x3a196410a0f5facd08fd7880a4b8551cd085c031,0x4a33862042d004d3fc45e284e1aafa05b48e3c9c,2000000000000000000000,49188,90000000000,44012,0x25999832,
THORChain_-,0x4a33862042d004d3fc45e284e1aafa05b48e3c9c,normal,0xb8eea9e6ed2bd81f758b59746435e4e331675d8595a1327c843d94774d0b25c3,12833455,1626377836,0x3a196410a0f5facd08fd7880a4b8551cd085c031,0x4a33862042d004d3fc45e284e1aafa05b48e3c9c,2000000000000000000000,49176,90000000000,44000,0x25999832,
THORChain_-,0x4a33862042d004d3fc45e284e1aafa05b48e3c9c,normal,0x08484a76e949b89366336e05aaa0ba7a523aed753831d84e7bc096dec8b52020,12833466,1626378053,0x3a196410a0f5facd08fd7880a4b8551cd085c031,0x4a33862042d004d3fc45e284e1aafa05b48e3c9c,500000000000000000000,49164,90000000000,43988,0x25999832,
THORChain_-,0x4a33862042d004d3fc45e284e1aafa05b48e3c9c,normal,0x4c0ec10ea89fbb39f95909c0b0848fbc71854176d2c3bb76ff100a58d0ae6d46,12833475,1626378159,0x3a196410a0f5facd08fd7880a4b8551cd085c031,0x4a33862042d004d3fc45e284e1aafa05b48e3c9c,500000000000000000000,48169,90000000000,42998,0x25999832,
THORChain_-,0x4a33862042d004d3fc45e284e1aafa05b48e3c9c,internal,0x3d4c09bcf91f48a2de347c95f9aaa0d880ed796fa97dd28d9ec4a362b8697b8c,12833114,1626373305,0x4a33862042d004d3fc45e284e1aafa05b48e3c9c,0x3a196410a0f5facd08fd7880a4b8551cd085c031,400000000000000000,2300,,0,,
THORChain_-,0x4a33862042d004d3fc45e284e1aafa05b48e3c9c,internal,0x87cc796b3591145a2af8db9dafc115077a10fbccd8a1d7d76db4ee2375748dd3,12833127,1626373490,0x4a33862042d004d3fc45e284e1aafa05b48e3c9c,0x4b713980d60b4994e0aa298a66805ec0d35ebc5a,5746000000000000000,2300,,0,,
THORChain_-,0x4a33862042d004d3fc45e284e1aafa05b48e3c9c,internal,0xc75b9ef9a2f8ffe3ba20a8f5f7133d8b9c25e5baa918ff4c9eade879d33a4c58,12833153,1626373767,0x4a33862042d004d3fc45e284e1aafa05b48e3c9c,0x3a196410a0f5facd08fd7880a4b8551cd085c031,396816680000000030,2300,,0,,
THORChain_-,0x4a33862042d004d3fc45e284e1aafa05b48e3c9c,internal,0xe4efe2027d595a8fb454445275cd0c1942f6d3c436df7d020a0ae8170a790c41,12833159,1626373817,0x4a33862042d004d3fc45e284e1aafa05b48e3c9c,0x4b713980d60b4994e0aa298a66805ec0d35ebc5a,7540000000000000000,2300,,0,,
THORChain_-,0x4a33862042d004d3fc45e284e1aafa05b48e3c9c,internal,0x6325fc986c965c789153d5b33cb949640b843ece82219dd31ad96e2b78dda45a,12833170,1626373987,0x4a33862042d004d3fc45e284e1aafa05b48e3c9c,0x4b713980d60b4994e0aa298a66805ec0d35ebc5a,8374882360000000000,2300,,0,,
THORChain_-,0x4a33862042d004d3fc45e284e1aafa05b48e3c9c,internal,0x82222fbbb2621493221e6af6895cab9b27dc9efc2d8a55c9242df22f99992327,12833182,1626374217,0x4a33862042d004d3fc45e284e1aafa05b48e3c9c,0x3a196410a0f5facd08fd7880a4b8551cd085c031,7455854656237595000,2300,,0,,
THORChain_-,0x4a33862042d004d3fc45e284e1aafa05b48e3c9c,internal,0xa5f09545d9c190f02eade25cfd765981c30ca269597e9c9299e57d01ed10ed92,12833187,1626374297,0x4a33862042d004d3fc45e284e1aafa05b48e3c9c,0x4b713980d60b4994e0aa298a66805ec0d35ebc5a,8371802360000000000,2300,,0,,
THORChain_-,0x4a33862042d004d3fc45e284e1aafa05b48e3c9c,internal,0xd72f7cec0f035df194f917f3baacbde2fc8254391c81823b2bf20ad1069593a5,12833198,1626374434,0x4a33862042d004d3fc45e284e1aafa05b48e3c9c,0x3a196410a0f5facd08fd7880a4b8551cd085c031,7449606084237595000,2300,,0,,
THORChain_-,0x4a33862042d004d3fc45e284e1aafa05b48e3c9c,internal,0x020d246d9d0cbf2b3ada6b55932bdeea0939f56eb8b65fd6ecd7a25f9592daa9,12833203,1626374508,0x4a33862042d004d3fc45e284e1aafa05b48e3c9c,0x08416a6823e5090e5605300fb8b48ee2053555b0,6696649826877326500,2300,,0,,
THORChain_-,0x4a33862042d004d3fc45e284e1aafa05b48e3c9c,internal,0x5b6b42c1fecf027d5efcd12c20fc4bf55486e438c580cd3eead326238ffacfa6,12833218,1626374670,0x4a33862042d004d3fc45e284e1aafa05b48e3c9c,0x3a196410a0f5facd08fd7880a4b8551cd085c031,14165000000000000000,2300,,0,,
THORChain_-,0x4a33862042d004d3fc45e284e1aafa05b48e3c9c,internal,0xadc8fda5394ef806ff920dfb97868b44fd32cbbb15a7daaee27260c9a39e00ca,12833234,1626374889,0x4a33862042d004d3fc45e284e1aafa05b48e3c9c,0x08416a6823e5090e5605300fb8b48ee2053555b0,6693570666877326000,2300,,0,,
THORChain_-,0x4a33862042d004d3fc45e284e1aafa05b48e3c9c,internal,0x47f1fb95da94576105d92f6320f77c8e1d2bfb9f9944460822c8ecc90ee02339,12833242,1626374942,0x4a33862042d004d3fc45e284e1aafa05b48e3c9c,0x3a196410a0f5facd08fd7880a4b8551cd085c031,14990162694561933000,2300,,0,,
THORChain_-,0x4a33862042d004d3fc45e284e1aafa05b48e3c9c,internal,0xa5a383678852d3bdee8c8fb8c70892cc044c780cb47f353f39f0cc9f3ef66421,12833244,1626374960,0x4a33862042d004d3fc45e284e1aafa05b48e3c9c,0x3a196410a0f5facd08fd7880a4b8551cd085c031,14986722854561933000,2300,,0,,
THORChain_-,0x4a33862042d004d3fc45e284e1aafa05b48e3c9c,internal,0x78cd7021ac99027c464c4464ca7e1b57d1827e3959b10700e6e080661a40c779,12833248,1626375024,0x4a33862042d004d3fc45e284e1aafa05b48e3c9c,0x3a196410a0f5facd08fd7880a4b8551cd085c031,29959045704561930000,2300,,0,,
THORChain_-,0x4a33862042d004d3fc45e284e1aafa05b48e3c9c,internal,0x39decf95d9d9728f80ab0bda1bdfeee85cce98bba39b66790a2202619b44bc9f,12833248,1626375024,0x4a33862042d004d3fc45e284e1aafa05b48e3c9c,0x3a196410a0f5facd08fd7880a4b8551cd085c031,29959045704561930000,2300,,0,,
THORChain_-,0x4a33862042d004d3fc45e284e1aafa05b48e3c9c,internal,0xc5c224fb8bea0fde468fb50aba45e890bb6b694fbe47e007e994f0d3eb303971,12833252,1626375144,0x4a33862042d004d3fc45e284e1aafa05b48e3c9c,0x3a196410a0f5facd08fd7880a4b8551cd085c031,44924488874561930000,2300,,0,,
THORChain_-,0x4a33862042d004d3fc45e284e1aafa05b48e3c9c,internal,0x32933c28281489256949842b9f4c9f85a6e557553dce2aee35f2f52110cfc0c9,12833255,1626375185,0x4a33862042d004d3fc45e284e1aafa05b48e3c9c,0x3a196410a0f5facd08fd7880a4b8551cd085c031,100265000000000000000,2300,,0,,
THORChain_-,0x4a33862042d004d3fc45e284e1aafa05b48e3c9c,internal,0xfe9597c29e557bdc31fbe31bb4709d57457023b9e66c4ad7ebe443c39b10d8ca,12833258,1626375238,0x4a33862042d004d3fc45e284e1aafa05b48e3c9c,0x3a196410a0f5facd08fd7880a4b8551cd085c031,149716989464561950000,2300,,0,,
THORChain_-,0x4a33862042d004d3fc45e284e1aafa05b48e3c9c,internal,0xc1d1c1367b3ba3ef409b9ab78fd1ec7bc8a822aabef81b944a72f4ac278bb139,12833262,1626375276,0x4a33862042d004d3fc45e284e1aafa05b48e3c9c,0x3a196410a0f5facd08fd7880a4b8551cd085c031,249964149624561940000,2300,,0,,
THORChain_-,0x4a33862042d004d3fc45e284e1aafa05b48e3c9c,internal,0x1d1b826718681f474e704f85a0b03ad8b051804d23cd818d4ecebb471514f509,12833264,1626375349,0x4a33862042d004d3fc45e284e1aafa05b48e3c9c,0x3a196410a0f5facd08fd7880a4b8551cd085c031,249960709784561940000,2300,,0,,
THORChain_-,0x4a33862042d004d3fc45e284e1aafa05b48e3c9c,internal,0xfe739dc4092785b9024c60cd94ea2ab3368c69c7e471aa9facb95106650390c6,12833268,1626375391,0x4a33862042d004d3fc45e284e1aafa05b48e3c9c,0x3a196410a0f5facd08fd7880a4b8551cd085c031,600231200000000000000,2300,,0,,
THORChain_-,0x4a33862042d004d3fc45e284e1aafa05b48e3c9c,internal,0x9bce82d88d9bf3f505735effd6006069214dc17414ef261bcb5595a861008f30,12833271,1626375457,0x4a33862042d004d3fc45e284e1aafa05b48e3c9c,0x3a196410a0f5facd08fd7880a4b8551cd085c031,300100000000000000000,2300,,0,,
THORChain_-,0x4a33862042d004d3fc45e284e1aafa05b48e3c9c,internal,0x846fe82570ed32c252adaa13fa8eb37e89aca03c03ea1ac413f7c4eb109d1489,12833275,1626375540,0x4a33862042d004d3fc45e284e1aafa05b48e3c9c,0x3a196410a0f5facd08fd7880a4b8551cd085c031,600150000000000000000,2300,,0,,
THORChain_-,0x4a33862042d004d3fc45e284e1aafa05b48e3c9c,internal,0xd58d1ef6d6e49eb99d0524128c16115893396fd05877ef4856fce474b5ba09a7,12833282,1626375595,0x4a33862042d004d3fc45e284e1aafa05b48e3c9c,0x3a196410a0f5facd08fd7880a4b8551cd085c031,1500051450000000000000,2300,,0,,
THORChain_-,0x4a33862042d004d3fc45e284e1aafa05b48e3c9c,internal,0x347926a5af7c8434f27ddfcfd14a42ac1525b0fcb3e6803203a83c89276660e3,12833285,1626375651,0x4a33862042d004d3fc45e284e1aafa05b48e3c9c,0x3a196410a0f5facd08fd7880a4b8551cd085c031,1500273550000000000000,2300,,0,,
THORChain_-,0x4a33862042d004d3fc45e284e1aafa05b48e3c9c,internal,0xe30f53e7f8d153c50c53574b7055098ba5949948c33674ec779d19fee73170dc,12833297,1626375780,0x4a33862042d004d3fc45e284e1aafa05b48e3c9c,0x3a196410a0f5facd08fd7880a4b8551cd085c031,300000000000000000000,2300,,0,,
THORChain_-,0x4a33862042d004d3fc45e284e1aafa05b48e3c9c,internal,0xdd391866cfe27e2a2e17fe902106163b0a93d3cfeaa9707b555fb20ef3817d7d,12833310,1626375962,0x4a33862042d004d3fc45e284e1aafa05b48e3c9c,0x3a196410a0f5facd08fd7880a4b8551cd085c031,100000000000000000000,2300,,0,,
THORChain_-,0x4a33862042d004d3fc45e284e1aafa05b48e3c9c,internal,0xe71529643934723a0da66825e51d3c0fcacda791be724f633ad7987ab58a5c13,12833327,1626376228,0x4a33862042d004d3fc45e284e1aafa05b48e3c9c,0x3a196410a0f5facd08fd7880a4b8551cd085c031,100000000000000000000,2300,,0,,
THORChain_-,0x4a33862042d004d3fc45e284e1aafa05b48e3c9c,internal,0x365a7753b2d51c5ac1671337bd571c3540056b89c3fd51be5f6ccf01f8437998,12833329,1626376249,0x4a33862042d004d3fc45e284e1aafa05b48e3c9c,0x3a196410a0f5facd08fd7880a4b8551cd085c031,100000000000000000000,2300,,0,,
THORChain_-,0x4a33862042d004d3fc45e284e1aafa05b48e3c9c,internal,0xac512c2cbb47801b2bf505465b4b7ca3e3b95e54302a461991223f04445d26ac,12833332,1626376285,0x4a33862042d004d3fc45e284e1aafa05b48e3c9c,0x3a196410a0f5facd08fd7880a4b8551cd085c031,200000000000000000000,2300,,0,,
THORChain_-,0x4a33862042d004d3fc45e284e1aafa05b48e3c9c,internal,0xb23beeb4c72755230ce655d1c45cba1c662e55e4aa1f47a4a3b0ef4a3cf4362e,12833336,1626376315,0x4a33862042d004d3fc45e284e1aafa05b48e3c9c,0x3a196410a0f5facd08fd7880a4b8551cd085c031,200000000000000000000,2300,,0,,
THORChain_-,0x4a33862042d004d3fc45e284e1aafa05b48e3c9c,internal,0x3c0377b41d3b0d709cf5fe15767422b91faab724a12816c4650833e551406e36,12833337,1626376320,0x4a33862042d004d3fc45e284e1aafa05b48e3c9c,0x3a196410a0f5facd08fd7880a4b8551cd085c031,200000000000000000000,2300,,0,,
THORChain_-,0x4a33862042d004d3fc45e284e1aafa05b48e3c9c,internal,0xe8091da4913917336b071a1001517f9c4431586a2e57899acbfd8759ce5c051f,12833340,1626376397,0x4a33862042d004d3fc45e284e1aafa05b48e3c9c,0x3a196410a0f5facd08fd7880a4b8551cd085c031,200000000000000000000,2300,,0,,
THORChain_-,0x4a33862042d004d3fc45e284e1aafa05b48e3c9c,internal,0xbc68035ce2c8a2c549604ff7db59e07931f39040758b138190338fa697338db3,12833356,1626376551,0x4a33862042d004d3fc45e284e1aafa05b48e3c9c,0x3a196410a0f5facd08fd7880a4b8551cd085c031,200000000000000000000,2300,,0,,
THORChain_-,0x4a33862042d004d3fc45e284e1aafa05b48e3c9c,internal,0x5da19c1c5c2f6bbdf9d4fb0e6ff16a0df6d6d7fe1f8e95ca755e5b3c6aada458,12833371,1626376773,0x4a33862042d004d3fc45e284e1aafa05b48e3c9c,0x3a196410a0f5facd08fd7880a4b8551cd085c031,200000000000000000000,2300,,0,,
THORChain_-,0x4a33862042d004d3fc45e284e1aafa05b48e3c9c,internal,0xe7363af16e5cdc56f2743a3b78258934695c6b091b3345af9cd286411cf93088,12833389,1626376985,0x4a33862042d004d3fc45e284e1aafa05b48e3c9c,0x3a196410a0f5facd08fd7880a4b8551cd085c031,200000000000000000000,2300,,0,,
THORChain_-,0x4a33862042d004d3fc45e284e1aafa05b48e3c9c,internal,0x4f61a1590c4aa2a30ffab1735f5273b72bc1fbb63f90d5faf1b380312913bb55,12833422,1626377451,0x4a33862042d004d3fc45e284e1aafa05b48e3c9c,0x3a196410a0f5facd08fd7880a4b8551cd085c031,100000000000000000000,2300,,0,,
THORChain_-,0x4a33862042d004d3fc45e284e1aafa05b48e3c9c,internal,0x91cd37d7e59f2c6a96e002059d03218045eda4e2b487c1e70619162826e57afa,12833427,1626377546,0x4a33862042d004d3fc45e284e1aafa05b48e3c9c,0x3a196410a0f5facd08fd7880a4b8551cd085c031,200000000000000000000,2300,,0,,
THORChain_-,0x4a33862042d004d3fc45e284e1aafa05b48e3c9c,internal,0x5b5a971dcf5e8a2b551e2e9cf3eacf3c30d49a3289afc4eadf1a1d3ef5af87d4,12833439,1626377695,0x4a33862042d004d3fc45e284e1aafa05b48e3c9c,0x3a196410a0f5facd08fd7880a4b8551cd085c031,400000000000000000000,2300,,0,,
THORChain_-,0x4a33862042d004d3fc45e284e1aafa05b48e3c9c,internal,0x9d60d243c01c735e2db88c044e77142d5d1d6d3cb21a0bd16f496a6a2327c70b,12833443,1626377735,0x4a33862042d004d3fc45e284e1aafa05b48e3c9c,0x3a196410a0f5facd08fd7880a4b8551cd085c031,400000000000000000000,2300,,0,,
THORChain_-,0x4a33862042d004d3fc45e284e1aafa05b48e3c9c,internal,0xfe4b3fe42ef4edc9a33791dc415d7bf22bf0c4a77b270a46b06f2ec4f5664313,12833445,1626377745,0x4a33862042d004d3fc45e284e1aafa05b48e3c9c,0x3a196410a0f5facd08fd7880a4b8551cd085c031,400000000000000000000,2300,,0,,
THORChain_-,0x4a33862042d004d3fc45e284e1aafa05b48e3c9c,internal,0x03c90ba802f5cc14fb21912e8ecd3501c09d60f7335293a1d4b2b9f4500d29c5,12833447,1626377758,0x4a33862042d004d3fc45e284e1aafa05b48e3c9c,0x3a196410a0f5facd08fd7880a4b8551cd085c031,2000000000000000000000,2300,,0,,
THORChain_-,0x4a33862042d004d3fc45e284e1aafa05b48e3c9c,internal,0x8fef62a0837c9e41429de427e7c8692df66004c74cf25cb70127b36df1b44036,12833448,1626377786,0x4a33862042d004d3fc45e284e1aafa05b48e3c9c,0x3a196410a0f5facd08fd7880a4b8551cd085c031,2000000000000000000000,2300,,0,,
THORChain_-,0x4a33862042d004d3fc45e284e1aafa05b48e3c9c,internal,0x91395c49f8100ba856e1d630b9aba5e42a150049ecfd3e63cf3ea94b29694e12,12833453,1626377819,0x4a33862042d004d3fc45e284e1aafa05b48e3c9c,0x3a196410a0f5facd08fd7880a4b8551cd085c031,2000000000000000000000,2300,,0,,
THORChain_-,0x4a33862042d004d3fc45e284e1aafa05b48e3c9c,internal,0xb8eea9e6ed2bd81f758b59746435e4e331675d8595a1327c843d94774d0b25c3,12833455,1626377836,0x4a33862042d004d3fc45e284e1aafa05b48e3c9c,0x3a196410a0f5facd08fd7880a4b8551cd085c031,2000000000000000000000,2300,,0,,
THORChain_-,0x4a33862042d004d3fc45e284e1aafa05b48e3c9c,internal,0x08484a76e949b89366336e05aaa0ba7a523aed753831d84e7bc096dec8b52020,12833466,1626378053,0x4a33862042d004d3fc45e284e1aafa05b48e3c9c,0x3a196410a0f5facd08fd7880a4b8551cd085c031,500000000000000000000,2300,,0,,
THORChain_-,0x4a33862042d004d3fc45e284e1aafa05b48e3c9c,internal,0x4c0ec10ea89fbb39f95909c0b0848fbc71854176d2c3bb76ff100a58d0ae6d46,12833475,1626378159,0x4a33862042d004d3fc45e284e1aafa05b48e3c9c,0x3a196410a0f5facd08fd7880a4b8551cd085c031,500000000000000000000,2300,,0,,
