incident_name,hacker_address,tx_type,hash,blockNumber,timeStamp,from,to,value,gas,gasPrice,gasUsed,methodId,functionName,contractAddress,tokenName,tokenSymbol,tokenDecimal,tokenID
bZx_PrivKey_3,0x967bb571f0fc9ee79c892abf9f99233aa1737e31,normal,0x3fc212efac62682ea928b1ade9124d4463e60601a34c965dec7a4cab4874fa3d,13556339,1636111910,0x54e88185eb636c0a75d67dccc70e9abe169ba55e,0x967bb571f0fc9ee79c892abf9f99233aa1737e31,1000000000000000000,21000,96165909563,21000,0x,,,,,,
bZx_PrivKey_3,0x967bb571f0fc9ee79c892abf9f99233aa1737e31,normal,0xc83a8d5121628a7babb6829714b4afc5c2b483cf6fab0d495ff17ee941d44253,13556346,1636111984,0x967bb571f0fc9ee79c892abf9f99233aa1737e31,0xb72b31907c1c95f3650b64b2469e08edacee5e8f,0,285246,94719291091,190164,0x4e71d92d,claim(),,,,,
bZx_PrivKey_3,0x967bb571f0fc9ee79c892abf9f99233aa1737e31,normal,0x439fe6b8dd8d4099fb39e808ae2aa0308beebedbd41e0789f3032d297a4e48ac,13556348,1636112020,0x399abd36b9c7cef008f75d8805ee5fdf05d41773,0x967bb571f0fc9ee79c892abf9f99233aa1737e31,1000000000000000000,21000,97892748953,21000,0x,,,,,,
bZx_PrivKey_3,0x967bb571f0fc9ee79c892abf9f99233aa1737e31,normal,0x13d7265b7b7d6e7431c7ba0d22b2ea661d30702ec1b2a51d538f19c11eea1133,13556389,1636112497,0x967bb571f0fc9ee79c892abf9f99233aa1737e31,0x813413997503e41173f210c908cdb3528835cd42,500000000000000000,21000,91179776014,21000,0x,,,,,,
bZx_PrivKey_3,0x967bb571f0fc9ee79c892abf9f99233aa1737e31,normal,0x1a132a01a4dac32080aae5177ad786aa301f1ad9877f6a876752d1b2251e8017,13556413,1636112920,0x813413997503e41173f210c908cdb3528835cd42,0x967bb571f0fc9ee79c892abf9f99233aa1737e31,100000000000000000000,21000,124963695087,21000,0x,,,,,,
bZx_PrivKey_3,0x967bb571f0fc9ee79c892abf9f99233aa1737e31,normal,0xe36c653741cdd018e5fea7d3c9887bc7b3345ed36d4e1d94a49689b1b8c5cc72,13556555,1636114909,0x967bb571f0fc9ee79c892abf9f99233aa1737e31,0xa0b86991c6218b36c1d19d4a2e9eb0ce3606eb48,0,69874,117586182087,60311,0x095ea7b3,"approve(address _spender, uint256 _value)",,,,,
bZx_PrivKey_3,0x967bb571f0fc9ee79c892abf9f99233aa1737e31,normal,0x516bca6e30aa4242f8801abd1ec14dd02f94f5d972fe8b810a5e5a79858db399,13556567,1636115060,0x967bb571f0fc9ee79c892abf9f99233aa1737e31,0x11111112542d85b3ef69ae05771c2dccff4faa26,0,273165,118947173176,188957,0x7c025200,0x7c025200(),,,,,
bZx_PrivKey_3,0x967bb571f0fc9ee79c892abf9f99233aa1737e31,normal,0x1eb8594ba9fcd306ea3d4f6563d1f802600f39e504fd89fc93e96eb5670cbd93,13556582,1636115214,0x399abd36b9c7cef008f75d8805ee5fdf05d41773,0x967bb571f0fc9ee79c892abf9f99233aa1737e31,16031543377779999934,21000,105960633924,21000,0x,,,,,,
bZx_PrivKey_3,0x967bb571f0fc9ee79c892abf9f99233aa1737e31,normal,0x84211b557763fe1437719a7568376c7f863b01370101b190c309813ff569002c,13556592,1636115351,0x967bb571f0fc9ee79c892abf9f99233aa1737e31,0x383518188c0c6d7730d91b2c03a03c837814a899,0,53478,108349710145,46503,0x095ea7b3,"approve(address _spender, uint256 _value)",,,,,
bZx_PrivKey_3,0x967bb571f0fc9ee79c892abf9f99233aa1737e31,normal,0x10e8f4e45ca2701c6955a24de7f1c6e8dfca46983f9e73e801a0331af7ada26c,13556640,1636116104,0x967bb571f0fc9ee79c892abf9f99233aa1737e31,0x11111112542d85b3ef69ae05771c2dccff4faa26,0,197148,134661421780,167234,0x2e95b6c8,"unoswap(address srcToken, uint256 amount, uint256 minReturn, bytes32[])",,,,,
bZx_PrivKey_3,0x967bb571f0fc9ee79c892abf9f99233aa1737e31,normal,0x8c89c11b152f015b1b295534c2efbac75ee9e0ab8e7e10969fbc7c548ff75e20,13556646,1636116225,0x967bb571f0fc9ee79c892abf9f99233aa1737e31,0x11111112542d85b3ef69ae05771c2dccff4faa26,0,752787,130753060536,570179,0x7c025200,0x7c025200(),,,,,
bZx_PrivKey_3,0x967bb571f0fc9ee79c892abf9f99233aa1737e31,normal,0xdca0bf9fd4923878818fa365c068ad5c2a9b11b4162bd44b7570e9abe9a82c1b,13556780,1636117945,0x967bb571f0fc9ee79c892abf9f99233aa1737e31,0x74487eed1e67f4787e8c0570e8d5d168a05254d4,1000000000000000000,21000,122998476646,21000,0x,,,,,,
bZx_PrivKey_3,0x967bb571f0fc9ee79c892abf9f99233aa1737e31,normal,0xfc0d7e40599395067efe471f4529fa872411b2da930eea4c6ed582b7285eeafa,13556781,1636117963,0x967bb571f0fc9ee79c892abf9f99233aa1737e31,0xb72b31907c1c95f3650b64b2469e08edacee5e8f,0,241180,136126691064,160787,0x4e71d92d,claim(),,,,,
bZx_PrivKey_3,0x967bb571f0fc9ee79c892abf9f99233aa1737e31,normal,0xdade9496706cd17a25f10cb1eafbf9592627ee7a6291ff99a0e4ecb9b1272e9e,13556794,1636118141,0x967bb571f0fc9ee79c892abf9f99233aa1737e31,0xc02aaa39b223fe8d0a0e5c4f27ead9083c756cc2,0,46364,132388362198,46364,0x095ea7b3,"approve(address _spender, uint256 _value)",,,,,
bZx_PrivKey_3,0x967bb571f0fc9ee79c892abf9f99233aa1737e31,normal,0x3494314425c52cc9c2240c0808a72fd22aa3b6a72470c2f685bb76dbb77fd9a4,13556794,1636118141,0x967bb571f0fc9ee79c892abf9f99233aa1737e31,0x881d40237659c251811cec9c364ef91dc08d300c,0,190638,132388362198,137027,0x5f575529,"swap(string aggregatorId, address tokenFrom, uint256 amount, bytes data)",,,,,
bZx_PrivKey_3,0x967bb571f0fc9ee79c892abf9f99233aa1737e31,normal,0x430f8386eec57e65c8df1b6f345fb1d3ed65175c7cae1f7f45b8300ca1ef62e0,13556801,1636118238,0x967bb571f0fc9ee79c892abf9f99233aa1737e31,0xb72b31907c1c95f3650b64b2469e08edacee5e8f,0,46391,154197239231,46391,0x095ea7b3,"approve(address _spender, uint256 _value)",,,,,
bZx_PrivKey_3,0x967bb571f0fc9ee79c892abf9f99233aa1737e31,normal,0x554723b5df3bf7f4775492c803698e8636367f177c406bafac4d597a4e8dcdd7,13556814,1636118343,0x967bb571f0fc9ee79c892abf9f99233aa1737e31,0x6b175474e89094c44da98b954eedeac495271d0f,0,53427,112827960684,46458,0x095ea7b3,"approve(address _spender, uint256 _value)",,,,,
bZx_PrivKey_3,0x967bb571f0fc9ee79c892abf9f99233aa1737e31,normal,0x325af48fe4e78661da571408314e56247a1b596d06b614ead3bfea3e6c9f73ca,13556823,1636118426,0x967bb571f0fc9ee79c892abf9f99233aa1737e31,0x11111112542d85b3ef69ae05771c2dccff4faa26,0,366669,114533759792,276494,0x7c025200,0x7c025200(),,,,,
bZx_PrivKey_3,0x967bb571f0fc9ee79c892abf9f99233aa1737e31,normal,0x932f70756fea0a021c1fac23ef590e6aec1475036e2cea6f81c62ba8b4fdd679,13557001,1636120693,0x967bb571f0fc9ee79c892abf9f99233aa1737e31,0x967bb571f0fc9ee79c892abf9f99233aa1737e31,0,21000,180000000000,21000,0x,,,,,,
bZx_PrivKey_3,0x967bb571f0fc9ee79c892abf9f99233aa1737e31,normal,0x610be42f83f8c0b69c02fc99df2d8649f6499de4640c02a720dbaefa90642ef4,13557005,1636120761,0x967bb571f0fc9ee79c892abf9f99233aa1737e31,0xafad9352eb6bcd085dd68268d353d0ed2571af89,2990000000000000000000,21000,127558069901,21000,0x,,,,,,
bZx_PrivKey_3,0x967bb571f0fc9ee79c892abf9f99233aa1737e31,normal,0x5bc35545aaa390ffd8800b6544e403063909650ad52fd126ce4119a589919668,13557014,1636120900,0x967bb571f0fc9ee79c892abf9f99233aa1737e31,0x11111112542d85b3ef69ae05771c2dccff4faa26,0,243438,145555574375,168549,0x7c025200,0x7c025200(),,,,,
bZx_PrivKey_3,0x967bb571f0fc9ee79c892abf9f99233aa1737e31,normal,0x15c2a9e1cc5302f767e762028b499e8eec11191a77dc12ad7c50233a882c9235,13558089,1636135091,0xe487a866b0f6b1b663b4566ff7e998af6116fba9,0x967bb571f0fc9ee79c892abf9f99233aa1737e31,0,24138,133705565249,21944,0x49662079,,,,,,
bZx_PrivKey_3,0x967bb571f0fc9ee79c892abf9f99233aa1737e31,normal,0x1696736aefa07150794402a5d13ef1c16269ffe740e8ab3eeb4742f20c230249,13560882,1636172985,0x967bb571f0fc9ee79c892abf9f99233aa1737e31,0xdac17f958d2ee523a2206206994597c13d831ec7,0,56232,84995308260,48897,0x095ea7b3,"approve(address _spender, uint256 _value)",,,,,
bZx_PrivKey_3,0x967bb571f0fc9ee79c892abf9f99233aa1737e31,normal,0xcf08b211132025ad905366d89033a7502b1592a3254d584a937961946ca697f3,13560888,1636173072,0x967bb571f0fc9ee79c892abf9f99233aa1737e31,0x56d811088235f11c8920698a204a5010a788f4b3,0,46333,85117445848,46333,0x095ea7b3,"approve(address _spender, uint256 _value)",,,,,
bZx_PrivKey_3,0x967bb571f0fc9ee79c892abf9f99233aa1737e31,normal,0xa6222af6a8c51d577bbf18d483f5a3878d02863e3dbb91314631188f604e522e,13560891,1636173114,0x967bb571f0fc9ee79c892abf9f99233aa1737e31,0xb983e01458529665007ff7e0cddecdb74b967eb6,0,1069499,99000000000,852903,0x2ea295fa,"borrow(bytes32 loanId, uint256 withdrawAmount, uint256 initialLoanDuration, uint256 collateralTokenSent, address collateralTokenAddress, address borrower, address receiver, bytes)",,,,,
bZx_PrivKey_3,0x967bb571f0fc9ee79c892abf9f99233aa1737e31,normal,0x1b163d62f88403a75eb4001e9e33cea2a826e72208d828ea287a6e7bb8ec8344,13560901,1636173189,0x967bb571f0fc9ee79c892abf9f99233aa1737e31,0x4e15361fd6b4bb609fa63c81a2be19d873717870,0,53398,82896020795,46433,0x095ea7b3,"approve(address _spender, uint256 _value)",,,,,
bZx_PrivKey_3,0x967bb571f0fc9ee79c892abf9f99233aa1737e31,normal,0x38e4999445ce63579e1b2a074efc3a88e6008135833841c79aea16f37edcbc16,13560910,1636173252,0x967bb571f0fc9ee79c892abf9f99233aa1737e31,0x11111112542d85b3ef69ae05771c2dccff4faa26,0,393310,83010821817,272078,0x7c025200,0x7c025200(),,,,,
bZx_PrivKey_3,0x967bb571f0fc9ee79c892abf9f99233aa1737e31,normal,0xc8d9ba7ed4d6ef7c700ac2dc9558ea53c90fb104e00ad0435b0796132f6a1def,13561103,1636175632,0x967bb571f0fc9ee79c892abf9f99233aa1737e31,0xa0c68c638235ee32657e8f720a23cec1bfc77c77,0,449591,95387148343,331261,0x3805550f,exit(bytes inputData),,,,,
bZx_PrivKey_3,0x967bb571f0fc9ee79c892abf9f99233aa1737e31,normal,0xffb91d621a485bcd600afe64f929bdb4dd7e98ba812a26d24a0072856954cbc2,13561115,1636175758,0x967bb571f0fc9ee79c892abf9f99233aa1737e31,0xb983e01458529665007ff7e0cddecdb74b967eb6,0,1050718,88000000000,838591,0x2ea295fa,"borrow(bytes32 loanId, uint256 withdrawAmount, uint256 initialLoanDuration, uint256 collateralTokenSent, address collateralTokenAddress, address borrower, address receiver, bytes)",,,,,
bZx_PrivKey_3,0x967bb571f0fc9ee79c892abf9f99233aa1737e31,normal,0x6d124202381006a1914bdfd82d3e81de15288693b10699c5d2df9dadd9ab942d,13561115,1636175758,0x967bb571f0fc9ee79c892abf9f99233aa1737e31,0x6b3595068778dd592e39a122f4f5a5cf09c90fe2,0,53483,91572873413,46507,0x095ea7b3,"approve(address _spender, uint256 _value)",,,,,
bZx_PrivKey_3,0x967bb571f0fc9ee79c892abf9f99233aa1737e31,normal,0x5a38b220354e106386b71709898d60626495d445ff17f623bd59c00eba2df192,13561118,1636175828,0x967bb571f0fc9ee79c892abf9f99233aa1737e31,0x56d811088235f11c8920698a204a5010a788f4b3,0,46345,101715428541,46345,0x095ea7b3,"approve(address _spender, uint256 _value)",,,,,
bZx_PrivKey_3,0x967bb571f0fc9ee79c892abf9f99233aa1737e31,normal,0x547fe24a31ff659e39fac62037b3b95ae180ebd8366276756dc53638783e0b24,13561120,1636175849,0x967bb571f0fc9ee79c892abf9f99233aa1737e31,0x11111112542d85b3ef69ae05771c2dccff4faa26,0,150709,100340201647,108235,0x2e95b6c8,"unoswap(address srcToken, uint256 amount, uint256 minReturn, bytes32[])",,,,,
bZx_PrivKey_3,0x967bb571f0fc9ee79c892abf9f99233aa1737e31,normal,0x28c9ad2a909e1d942cb7824824a298d2000843b4dd7a25f13561f6dac16197c1,13561133,1636176003,0x967bb571f0fc9ee79c892abf9f99233aa1737e31,0x56d811088235f11c8920698a204a5010a788f4b3,0,46345,92492220164,46345,0x095ea7b3,"approve(address _spender, uint256 _value)",,,,,
bZx_PrivKey_3,0x967bb571f0fc9ee79c892abf9f99233aa1737e31,normal,0x9d928fb67ea40e28ad22a0d043e5f863e92f44125980ee2dd531e6f93ac77221,13561141,1636176088,0x967bb571f0fc9ee79c892abf9f99233aa1737e31,0x32e4c68b3a4a813b710595aeba7f6b7604ab9c15,0,1121380,92000000000,895716,0x2ea295fa,"borrow(bytes32 loanId, uint256 withdrawAmount, uint256 initialLoanDuration, uint256 collateralTokenSent, address collateralTokenAddress, address borrower, address receiver, bytes)",,,,,
bZx_PrivKey_3,0x967bb571f0fc9ee79c892abf9f99233aa1737e31,normal,0x18cb8cffa7dc69d2250d5494c563af8dd2f96d319100dcd49225e0d7d7efc0e0,13561146,1636176181,0x967bb571f0fc9ee79c892abf9f99233aa1737e31,0x11111112542d85b3ef69ae05771c2dccff4faa26,0,321921,87316860851,213087,0x7c025200,0x7c025200(),,,,,
bZx_PrivKey_3,0x967bb571f0fc9ee79c892abf9f99233aa1737e31,normal,0x04d964dd70eb0bc36f75b92d4f3c2e4af2db1969a36c3e72f0d129c1ffbea454,13561156,1636176339,0x967bb571f0fc9ee79c892abf9f99233aa1737e31,0x32e4c68b3a4a813b710595aeba7f6b7604ab9c15,0,1121380,92000000000,895716,0x2ea295fa,"borrow(bytes32 loanId, uint256 withdrawAmount, uint256 initialLoanDuration, uint256 collateralTokenSent, address collateralTokenAddress, address borrower, address receiver, bytes)",,,,,
bZx_PrivKey_3,0x967bb571f0fc9ee79c892abf9f99233aa1737e31,normal,0x459c29d09832d9fe6d61e94479278947399a8ed8b86969f8f4defb4d41eae986,13561163,1636176455,0x967bb571f0fc9ee79c892abf9f99233aa1737e31,0x11111112542d85b3ef69ae05771c2dccff4faa26,0,225725,99697079912,156595,0x7c025200,0x7c025200(),,,,,
bZx_PrivKey_3,0x967bb571f0fc9ee79c892abf9f99233aa1737e31,normal,0x42e71149f453d6f176a016ddf492762e2751b02dfa6f6c0981ae680e05e613a8,13561916,1636186777,0x967bb571f0fc9ee79c892abf9f99233aa1737e31,0xafad9352eb6bcd085dd68268d353d0ed2571af89,1000000000000000000,21000,75970060465,21000,0x,,,,,,
bZx_PrivKey_3,0x967bb571f0fc9ee79c892abf9f99233aa1737e31,normal,0x8aaa61b0409a2df52ece8e3aef11acaff2bd1ce08090873a33ea4c73bc9d5888,13561922,1636186864,0x967bb571f0fc9ee79c892abf9f99233aa1737e31,0x53cb834c43ce919289a4db2ca54f65e1afb17041,1000000000000000000,21000,80152313611,21000,0x,,,,,,
bZx_PrivKey_3,0x967bb571f0fc9ee79c892abf9f99233aa1737e31,normal,0xedaba988992d6dd9e22d28275739b57430ba779410778f24979e8bb2fff7dde5,13561971,1636187590,0x967bb571f0fc9ee79c892abf9f99233aa1737e31,0xafad9352eb6bcd085dd68268d353d0ed2571af89,160000000000000000000,21000,85396260521,21000,0x,,,,,,
bZx_PrivKey_3,0x967bb571f0fc9ee79c892abf9f99233aa1737e31,normal,0x6cc591d403fc8ce6ae2da5a9196196e1566726805bcd9c55ecf7fd3b8ed5d0c6,13574863,1636362166,0x967bb571f0fc9ee79c892abf9f99233aa1737e31,0xb72b31907c1c95f3650b64b2469e08edacee5e8f,0,241180,113572468369,160787,0x4e71d92d,claim(),,,,,
bZx_PrivKey_3,0x967bb571f0fc9ee79c892abf9f99233aa1737e31,normal,0x5b0f8c7ac2356bd47f2439e8eb0a884493406d944eb1b520e20f43ba42230266,13574873,1636362327,0x967bb571f0fc9ee79c892abf9f99233aa1737e31,0x32e4c68b3a4a813b710595aeba7f6b7604ab9c15,0,1120762,90000000000,895209,0x2ea295fa,"borrow(bytes32 loanId, uint256 withdrawAmount, uint256 initialLoanDuration, uint256 collateralTokenSent, address collateralTokenAddress, address borrower, address receiver, bytes)",,,,,
bZx_PrivKey_3,0x967bb571f0fc9ee79c892abf9f99233aa1737e31,normal,0x8bb9b8d89db878985a488ffb4152df2fce7509763371f7590883ede2bfb25672,13574889,1636362576,0x967bb571f0fc9ee79c892abf9f99233aa1737e31,0x11111112542d85b3ef69ae05771c2dccff4faa26,0,163906,86941403675,121432,0x2e95b6c8,"unoswap(address srcToken, uint256 amount, uint256 minReturn, bytes32[])",,,,,
bZx_PrivKey_3,0x967bb571f0fc9ee79c892abf9f99233aa1737e31,normal,0x46011a11335fe50195744e27afa65ea16d5b88150eeb0c55d42efcd3015d71f1,13574889,1636362576,0x967bb571f0fc9ee79c892abf9f99233aa1737e31,0xd8ee69652e4e4838f2531732a46d1f7f584f0b7f,242623432647371915,219162,91000000000,175439,0xcfc85c06,"extendLoanDuration(bytes32 loanId, uint256 depositAmount, bool useCollateral, bytes)",,,,,
bZx_PrivKey_3,0x967bb571f0fc9ee79c892abf9f99233aa1737e31,normal,0x92c4fa53ae2da94ba400a790b463add8a6360af12d83fe3dbcdaca4eea2064b0,13574923,1636363022,0x967bb571f0fc9ee79c892abf9f99233aa1737e31,0xafad9352eb6bcd085dd68268d353d0ed2571af89,3500000000000000000,21000,86143677656,21000,0x,,,,,,
bZx_PrivKey_3,0x967bb571f0fc9ee79c892abf9f99233aa1737e31,normal,0x5afac2b7a927df7e1679b69f150141d5bb94caafad60892d7f1e5fdb0d74532e,13578965,1636417819,0x967bb571f0fc9ee79c892abf9f99233aa1737e31,0xa5409ec958c83c3f309868babaca7c86dcb077c1,0,516883,323975583086,397602,0xddd81f82,registerProxy(),,,,,
bZx_PrivKey_3,0x967bb571f0fc9ee79c892abf9f99233aa1737e31,normal,0x2f5776c176d7c61766e340c9d079bb71120176fee631d1905f54c6bc00fe632d,13578968,1636417862,0x967bb571f0fc9ee79c892abf9f99233aa1737e31,0xbc4ca0eda7647a8ab7c2061c2e118a18a936f13d,0,46280,307628334824,46280,0xa22cb465,"setApprovalForAll(address operator, bool authorized)",,,,,
bZx_PrivKey_3,0x967bb571f0fc9ee79c892abf9f99233aa1737e31,normal,0x7fa9138f9ab5d445680f913025c7a17de2fccaabc2df43431bbd64be6b441ad6,13578976,1636417936,0x967bb571f0fc9ee79c892abf9f99233aa1737e31,0xc02aaa39b223fe8d0a0e5c4f27ead9083c756cc2,0,46364,281880394923,46364,0x095ea7b3,"approve(address _spender, uint256 _value)",,,,,
bZx_PrivKey_3,0x967bb571f0fc9ee79c892abf9f99233aa1737e31,normal,0xa42510551c09abe30881b6fe28c3cf0d600c414c13dc516296bd323b34aa609d,13578978,1636417965,0x967bb571f0fc9ee79c892abf9f99233aa1737e31,0x7be8076f4ea4a4ad08075c2508e481d6c946d12b,0,387813,284551390653,278976,0xab834bab,"atomicMatch_(address[14] addrs, uint256[18] uints, uint8[8] feeMethodsSidesKindsHowToCalls, bytes calldataBuy, bytes calldataSell, bytes replacementPatternBuy, bytes replacementPatternSell, bytes staticExtradataBuy, bytes staticExtradataSell, uint8[2] vs, bytes32[5] rssMetadata)",,,,,
bZx_PrivKey_3,0x967bb571f0fc9ee79c892abf9f99233aa1737e31,normal,0x71d191fd98a01fea9aad04b6ecc0a14821fe3061874e83f8aeff2c8e3983a9c8,13579032,1636418559,0x967bb571f0fc9ee79c892abf9f99233aa1737e31,0x881d40237659c251811cec9c364ef91dc08d300c,0,184433,215261565115,136960,0x5f575529,"swap(string aggregatorId, address tokenFrom, uint256 amount, bytes data)",,,,,
bZx_PrivKey_3,0x967bb571f0fc9ee79c892abf9f99233aa1737e31,normal,0x8061c3dfbf269f4b7b47e5ab6cc7f19e4462059c424a09604a58d848f1345158,13579043,1636418648,0x967bb571f0fc9ee79c892abf9f99233aa1737e31,0x5ab21ec0bfa0b29545230395e3adaca7d552c948,0,46725,209407358522,46725,0xa22cb465,"setApprovalForAll(address operator, bool authorized)",,,,,
bZx_PrivKey_3,0x967bb571f0fc9ee79c892abf9f99233aa1737e31,normal,0x9edd600fe849755ba3c21bd6e6f7bae9d7f4acabe705ec18defa0d42e4d2e11e,13579056,1636418789,0x967bb571f0fc9ee79c892abf9f99233aa1737e31,0x7be8076f4ea4a4ad08075c2508e481d6c946d12b,0,348723,210627786370,253707,0xab834bab,"atomicMatch_(address[14] addrs, uint256[18] uints, uint8[8] feeMethodsSidesKindsHowToCalls, bytes calldataBuy, bytes calldataSell, bytes replacementPatternBuy, bytes replacementPatternSell, bytes staticExtradataBuy, bytes staticExtradataSell, uint8[2] vs, bytes32[5] rssMetadata)",,,,,
bZx_PrivKey_3,0x967bb571f0fc9ee79c892abf9f99233aa1737e31,normal,0xf14f430af7fcd0c449b7f544d982f43684a0f4e621a4d83c4e3cdd99c2e26284,13579074,1636418938,0x967bb571f0fc9ee79c892abf9f99233aa1737e31,0x881d40237659c251811cec9c364ef91dc08d300c,0,184344,181556209402,136892,0x5f575529,"swap(string aggregatorId, address tokenFrom, uint256 amount, bytes data)",,,,,
bZx_PrivKey_3,0x967bb571f0fc9ee79c892abf9f99233aa1737e31,normal,0x0084ea05940260c062f7034f5c95cd44ccaf6b6c244c38f5e790a1573f75e348,13579095,1636419172,0x967bb571f0fc9ee79c892abf9f99233aa1737e31,0xb47e3cd837ddf8e4c57f05d70ab865de6e193bbb,0,200000,297000000000,82446,0xc44193c3,"offerPunkForSale(uint256 punkIndex, uint256 minSalePriceInWei)",,,,,
bZx_PrivKey_3,0x967bb571f0fc9ee79c892abf9f99233aa1737e31,normal,0xdd7e5f50e3f44aa27b07ac2bdc061cbc89d6b34ab225d85c3346e60fa3f4e7c1,13579109,1636419376,0x967bb571f0fc9ee79c892abf9f99233aa1737e31,0xb47e3cd837ddf8e4c57f05d70ab865de6e193bbb,0,200000,297000000000,82446,0xc44193c3,"offerPunkForSale(uint256 punkIndex, uint256 minSalePriceInWei)",,,,,
bZx_PrivKey_3,0x967bb571f0fc9ee79c892abf9f99233aa1737e31,normal,0x3b84cc91ecabfc07e8e63f0499733768da2bc7d7735e593ea9281cb451735bae,13579119,1636419501,0x967bb571f0fc9ee79c892abf9f99233aa1737e31,0xb47e3cd837ddf8e4c57f05d70ab865de6e193bbb,0,200000,307000000000,72505,0x8b72a2ec,"transferPunk(address to, uint256 punkIndex)",,,,,
bZx_PrivKey_3,0x967bb571f0fc9ee79c892abf9f99233aa1737e31,normal,0xca87af51b94ddb8b8d33e9091a5c4fce85350afc99ad359c69927d98dee374f5,13579159,1636419877,0x967bb571f0fc9ee79c892abf9f99233aa1737e31,0xb47e3cd837ddf8e4c57f05d70ab865de6e193bbb,0,200000,306000000000,79646,0xc44193c3,"offerPunkForSale(uint256 punkIndex, uint256 minSalePriceInWei)",,,,,
bZx_PrivKey_3,0x967bb571f0fc9ee79c892abf9f99233aa1737e31,normal,0x11deb91bb3d86add767d4cacb0ec18156d1f0d4bda9423605f4ac6366f00ccdf,13579447,1636423564,0x967bb571f0fc9ee79c892abf9f99233aa1737e31,0xafad9352eb6bcd085dd68268d353d0ed2571af89,24000000000000000000,21000,199180933324,21000,0x,,,,,,
bZx_PrivKey_3,0x967bb571f0fc9ee79c892abf9f99233aa1737e31,normal,0x022693964622e5866ef36daafb84386434d1c4bf546cac05b305bf1a4bce75d3,13586520,1636520442,0x967bb571f0fc9ee79c892abf9f99233aa1737e31,0xb47e3cd837ddf8e4c57f05d70ab865de6e193bbb,0,200000,188000000000,42646,0xc44193c3,"offerPunkForSale(uint256 punkIndex, uint256 minSalePriceInWei)",,,,,
bZx_PrivKey_3,0x967bb571f0fc9ee79c892abf9f99233aa1737e31,normal,0xcd8e7322a25693c42093282a389e9938c9fb997933ee1159827dc24f093e4d57,13586521,1636520451,0x967bb571f0fc9ee79c892abf9f99233aa1737e31,0xb47e3cd837ddf8e4c57f05d70ab865de6e193bbb,0,200000,188000000000,42646,0xc44193c3,"offerPunkForSale(uint256 punkIndex, uint256 minSalePriceInWei)",,,,,
bZx_PrivKey_3,0x967bb571f0fc9ee79c892abf9f99233aa1737e31,normal,0xf9714e08b5d47e36a04efc94d8c8b296049f4cf7ec042bafb492873165ad3f2e,13586667,1636522564,0x967bb571f0fc9ee79c892abf9f99233aa1737e31,0xb47e3cd837ddf8e4c57f05d70ab865de6e193bbb,0,200000,201000000000,30728,0x3ccfd60b,withdraw(),,,,,
bZx_PrivKey_3,0x967bb571f0fc9ee79c892abf9f99233aa1737e31,normal,0x19717232945d608fdf98d4233c802bede3e5b0e0181df8f59bf09f98c1101f44,13586671,1636522643,0x967bb571f0fc9ee79c892abf9f99233aa1737e31,0xafad9352eb6bcd085dd68268d353d0ed2571af89,130000000000000000000,21000,201109569485,21000,0x,,,,,,
bZx_PrivKey_3,0x967bb571f0fc9ee79c892abf9f99233aa1737e31,normal,0x2a42b6a1705b0fc0e70cd73567a381a9750f5170be04c0e0e592fc57e90c39ff,13593478,1636614222,0x967bb571f0fc9ee79c892abf9f99233aa1737e31,0xb72b31907c1c95f3650b64b2469e08edacee5e8f,0,241180,153500661386,160787,0x4e71d92d,claim(),,,,,
bZx_PrivKey_3,0x967bb571f0fc9ee79c892abf9f99233aa1737e31,normal,0x4bdfffed62c503442a3cb7236c17387ec89716c4208bb01f63479c7a22fa2471,13593482,1636614288,0x967bb571f0fc9ee79c892abf9f99233aa1737e31,0xe95ebce2b02ee07def5ed6b53289801f7fc137a4,0,186397,145971844136,122784,0x48115385,claimBzrx(),,,,,
bZx_PrivKey_3,0x967bb571f0fc9ee79c892abf9f99233aa1737e31,normal,0x461243515396dfb12d12357d8c9fde13e6d2bad24adc8d9234af33bd1047b5f0,13593507,1636614668,0x967bb571f0fc9ee79c892abf9f99233aa1737e31,0xe95ebce2b02ee07def5ed6b53289801f7fc137a4,0,547569,127000000000,451068,0xcf86add5,"stake(address[] tokens, uint256[] values)",,,,,
bZx_PrivKey_3,0x967bb571f0fc9ee79c892abf9f99233aa1737e31,normal,0x793af7f4b9b9d68d59e6e2786dfc9dda3f2637c53aa3c569a30fa884267003fa,13593507,1636614668,0x967bb571f0fc9ee79c892abf9f99233aa1737e31,0x32e4c68b3a4a813b710595aeba7f6b7604ab9c15,0,1120776,128000000000,850780,0x2ea295fa,"borrow(bytes32 loanId, uint256 withdrawAmount, uint256 initialLoanDuration, uint256 collateralTokenSent, address collateralTokenAddress, address borrower, address receiver, bytes)",,,,,
bZx_PrivKey_3,0x967bb571f0fc9ee79c892abf9f99233aa1737e31,normal,0xdc25d8d7c744d52438b39a7a96839637595ce8004423f3803cc7d0ee80b2ed80,13593513,1636614737,0x967bb571f0fc9ee79c892abf9f99233aa1737e31,0x1111111254fb6c44bac0bed2854e76f90643097d,0,223474,113280863289,175195,0xa1251d75,"unoswapWithPermit(address srcToken, uint256 amount, uint256 minReturn, bytes32[] pools, bytes permit)",,,,,
bZx_PrivKey_3,0x967bb571f0fc9ee79c892abf9f99233aa1737e31,normal,0x8aa1d81ea7e2a2ebb0a604e46d9f103984b4b1444f8864fe8d568a48ed744179,13593516,1636614811,0x967bb571f0fc9ee79c892abf9f99233aa1737e31,0xb72b31907c1c95f3650b64b2469e08edacee5e8f,0,43360,144767135726,24107,0x095ea7b3,"approve(address _spender, uint256 _value)",,,,,
bZx_PrivKey_3,0x967bb571f0fc9ee79c892abf9f99233aa1737e31,normal,0x51c94a139161655957b79bd339cbf9764de2e21f4ccb7b5e3e4a3775af6f3305,13598788,1636686068,0x967bb571f0fc9ee79c892abf9f99233aa1737e31,0xb72b31907c1c95f3650b64b2469e08edacee5e8f,0,241180,162549146236,160787,0x4e71d92d,claim(),,,,,
bZx_PrivKey_3,0x967bb571f0fc9ee79c892abf9f99233aa1737e31,normal,0xc663d957891d5ef10423115480a0c3e4486b14ecdb1de5840a7a1d33a11c65d1,13598803,1636686303,0x967bb571f0fc9ee79c892abf9f99233aa1737e31,0xe95ebce2b02ee07def5ed6b53289801f7fc137a4,0,239777,166000000000,177260,0x2d81a78e,claim(bool _all),,,,,
bZx_PrivKey_3,0x967bb571f0fc9ee79c892abf9f99233aa1737e31,normal,0x2af07f54e825d69dca366c9c1259b4f1480da2d57dc53d1bc61d5442e0ffaf20,13605040,1636770518,0x967bb571f0fc9ee79c892abf9f99233aa1737e31,0xe95ebce2b02ee07def5ed6b53289801f7fc137a4,0,239777,206000000000,177260,0x2d81a78e,claim(bool _all),,,,,
bZx_PrivKey_3,0x967bb571f0fc9ee79c892abf9f99233aa1737e31,normal,0xeb21ab114b65f2dcf3e17780131eb6704964c07f0a4e4abda0c3f17daacf8091,13605047,1636770571,0x967bb571f0fc9ee79c892abf9f99233aa1737e31,0xb72b31907c1c95f3650b64b2469e08edacee5e8f,0,192945,205000000000,160787,0x4e71d92d,claim(),,,,,
bZx_PrivKey_3,0x967bb571f0fc9ee79c892abf9f99233aa1737e31,normal,0x00b7849b4522dbd0cf86ec0ed6867cad95299834e1277e3eed3c2a7caa0ed862,13606109,1636784943,0x64f55c153fcc88f83d390f1197cca17c7ca49c75,0x967bb571f0fc9ee79c892abf9f99233aa1737e31,723357477137214000,21000,112717336335,21000,0x,,,,,,
bZx_PrivKey_3,0x967bb571f0fc9ee79c892abf9f99233aa1737e31,normal,0x6711227fd4d3612ed9c5264cfc026068d92c714225f76ac361cfb7f1855093d8,13606109,1636784943,0xc91df8c2b2f9e43cdeb4cde29d2cc46a73befc2c,0x967bb571f0fc9ee79c892abf9f99233aa1737e31,1026629274335611352,21000,112717336335,21000,0x,,,,,,
bZx_PrivKey_3,0x967bb571f0fc9ee79c892abf9f99233aa1737e31,normal,0xfc77864232a1735ef8f6a6db7a18961450746766cd347bede33ae01f1bd8562a,13606109,1636784943,0xf6c8cc2d84e154a6c44dd5d2b15d91ebad6f89f1,0x967bb571f0fc9ee79c892abf9f99233aa1737e31,175579395351402343,21000,112717336335,21000,0x,,,,,,
bZx_PrivKey_3,0x967bb571f0fc9ee79c892abf9f99233aa1737e31,normal,0xe45cefd9df3664bf378219e0f8a79d4d7583ba9673f56f2f6f97ff6cc4241723,13606112,1636784980,0xb2b1b12055019ae41df8469e6ca4c0412295e5ec,0x967bb571f0fc9ee79c892abf9f99233aa1737e31,11373422386406597000,21000,108456994708,21000,0x,,,,,,
bZx_PrivKey_3,0x967bb571f0fc9ee79c892abf9f99233aa1737e31,normal,0xf1504d49ae6bec24e934996dc38bcaba03e579812dd8ba1e6814b3ebfe661953,13606112,1636784980,0x0acc0e5faa09cb1976237c3a9af3d3d4b2f35fa5,0x967bb571f0fc9ee79c892abf9f99233aa1737e31,151858259728206000,21000,108456994708,21000,0x,,,,,,
bZx_PrivKey_3,0x967bb571f0fc9ee79c892abf9f99233aa1737e31,normal,0x60571ab6eded2bb531d765e22e8fa99281dfdc259f6a03eb712bc8863919cf62,13606112,1636784980,0x74487eed1e67f4787e8c0570e8d5d168a05254d4,0x967bb571f0fc9ee79c892abf9f99233aa1737e31,311154134275330858,21000,108456994708,21000,0x,,,,,,
bZx_PrivKey_3,0x967bb571f0fc9ee79c892abf9f99233aa1737e31,normal,0x7b3da08dad611048ba8e5af5aacfc96560a44f28836c9cba2f8cf3ccde6fe48c,13617197,1636936395,0x967bb571f0fc9ee79c892abf9f99233aa1737e31,0xe95ebce2b02ee07def5ed6b53289801f7fc137a4,0,239777,132000000000,177260,0x2d81a78e,claim(bool _all),,,,,
bZx_PrivKey_3,0x967bb571f0fc9ee79c892abf9f99233aa1737e31,normal,0xa59107a57ad11cab9275764816feb42fdc6124f0c10221704e44494ef7175a0e,13617201,1636936463,0x967bb571f0fc9ee79c892abf9f99233aa1737e31,0xb72b31907c1c95f3650b64b2469e08edacee5e8f,0,139616,133000000000,138162,0x4e71d92d,claim(),,,,,
bZx_PrivKey_3,0x967bb571f0fc9ee79c892abf9f99233aa1737e31,normal,0x81b6785b7cfd12e1a228d6d597eb61352a302c2a6486ecb3a5d79a406895e841,13617205,1636936488,0x967bb571f0fc9ee79c892abf9f99233aa1737e31,0xb72b31907c1c95f3650b64b2469e08edacee5e8f,0,192945,133000000000,160787,0x4e71d92d,claim(),,,,,
bZx_PrivKey_3,0x967bb571f0fc9ee79c892abf9f99233aa1737e31,normal,0x17b636ab32242caa3d4666d66818240d22540df6ce9c909f914c88b89668a462,13617225,1636936766,0x967bb571f0fc9ee79c892abf9f99233aa1737e31,0x56d811088235f11c8920698a204a5010a788f4b3,0,53297,118242545616,46345,0x095ea7b3,"approve(address _spender, uint256 _value)",,,,,
bZx_PrivKey_3,0x967bb571f0fc9ee79c892abf9f99233aa1737e31,normal,0x4bdaedff2017dfc9a7601e4802207ac28ce2e2c60036681c585375a9c1b74c76,13617239,1636936875,0x967bb571f0fc9ee79c892abf9f99233aa1737e31,0x1111111254fb6c44bac0bed2854e76f90643097d,0,528433,87548717289,412091,0x7c025200,0x7c025200(),,,,,
bZx_PrivKey_3,0x967bb571f0fc9ee79c892abf9f99233aa1737e31,normal,0x49fc7f01e12549200156cde52f9e204dc4ba950876ab41893bc14a848ccf6296,13624505,1637036851,0x967bb571f0fc9ee79c892abf9f99233aa1737e31,0xb72b31907c1c95f3650b64b2469e08edacee5e8f,0,46391,225877050722,46391,0x095ea7b3,"approve(address _spender, uint256 _value)",,,,,
bZx_PrivKey_3,0x967bb571f0fc9ee79c892abf9f99233aa1737e31,normal,0xbb531745f366ad837d49f130dc1ed76724892621ae2411c95fba92c4f38b1999,13624505,1637036851,0x967bb571f0fc9ee79c892abf9f99233aa1737e31,0xb72b31907c1c95f3650b64b2469e08edacee5e8f,0,46391,225877050722,26491,0x095ea7b3,"approve(address _spender, uint256 _value)",,,,,
bZx_PrivKey_3,0x967bb571f0fc9ee79c892abf9f99233aa1737e31,normal,0x67701c06a09f74ecde0e0dc139ad4554b03326c543abba90b048f5470e6bc18a,13624532,1637037256,0x967bb571f0fc9ee79c892abf9f99233aa1737e31,0xe95ebce2b02ee07def5ed6b53289801f7fc137a4,0,71608,157000000000,59209,0x2d81a78e,claim(bool _all),,,,,
bZx_PrivKey_3,0x967bb571f0fc9ee79c892abf9f99233aa1737e31,normal,0xc043f59e199e30477d1164ca9ebd4211b2e6f0ccbd1d6e1a97df2ca8e94f3bf6,13624532,1637037256,0x967bb571f0fc9ee79c892abf9f99233aa1737e31,0xb72b31907c1c95f3650b64b2469e08edacee5e8f,0,192945,157000000000,160787,0x4e71d92d,claim(),,,,,
bZx_PrivKey_3,0x967bb571f0fc9ee79c892abf9f99233aa1737e31,normal,0xb6f314b4e3a7a025a1126bdbe4d3bf747cc6289105134e2e0ee7f41463ea0ae7,13624534,1637037306,0x967bb571f0fc9ee79c892abf9f99233aa1737e31,0xb72b31907c1c95f3650b64b2469e08edacee5e8f,0,43360,197190931542,24107,0x095ea7b3,"approve(address _spender, uint256 _value)",,,,,
bZx_PrivKey_3,0x967bb571f0fc9ee79c892abf9f99233aa1737e31,normal,0x1cb2280237f1a5651aa111c69122add88a4c97b29cd4dc39878abb801a47d824,13630014,1637112238,0x967bb571f0fc9ee79c892abf9f99233aa1737e31,0xb72b31907c1c95f3650b64b2469e08edacee5e8f,0,241180,126059201882,160787,0x4e71d92d,claim(),,,,,
bZx_PrivKey_3,0x967bb571f0fc9ee79c892abf9f99233aa1737e31,normal,0x55baed5a0793c3210f705a4ea405ba4bd172102fe834baacb1f4af09dd909224,13636811,1637204174,0x967bb571f0fc9ee79c892abf9f99233aa1737e31,0xb72b31907c1c95f3650b64b2469e08edacee5e8f,0,241180,126313326970,160787,0x4e71d92d,claim(),,,,,
bZx_PrivKey_3,0x967bb571f0fc9ee79c892abf9f99233aa1737e31,normal,0xa13218c968c44570d0af79e073ecae4d52238f33f6990042da84d8df5d58ce55,13636818,1637204367,0x967bb571f0fc9ee79c892abf9f99233aa1737e31,0xb72b31907c1c95f3650b64b2469e08edacee5e8f,0,46391,137510509836,46391,0x095ea7b3,"approve(address _spender, uint256 _value)",,,,,
bZx_PrivKey_3,0x967bb571f0fc9ee79c892abf9f99233aa1737e31,normal,0x72a7de74af917a982274e18c0b013bd1525e5c0d74128c557b246c35f9a01807,13636884,1637205378,0x967bb571f0fc9ee79c892abf9f99233aa1737e31,0xe95ebce2b02ee07def5ed6b53289801f7fc137a4,0,71608,119000000000,59209,0x2d81a78e,claim(bool _all),,,,,
bZx_PrivKey_3,0x967bb571f0fc9ee79c892abf9f99233aa1737e31,normal,0x8006de4654bd25ec9d92a33b996b2d76f2e2c72763b0d64f6b39d28e2a5af838,13636884,1637205378,0x967bb571f0fc9ee79c892abf9f99233aa1737e31,0xb72b31907c1c95f3650b64b2469e08edacee5e8f,0,43360,117952891221,24107,0x095ea7b3,"approve(address _spender, uint256 _value)",,,,,
bZx_PrivKey_3,0x967bb571f0fc9ee79c892abf9f99233aa1737e31,normal,0x7ac2d180da689327d58c92b2b70c69f8a3aafad83455a699d8e9c76619d00402,13636938,1637206046,0x967bb571f0fc9ee79c892abf9f99233aa1737e31,0xb72b31907c1c95f3650b64b2469e08edacee5e8f,0,46391,147256029737,46391,0x095ea7b3,"approve(address _spender, uint256 _value)",,,,,
bZx_PrivKey_3,0x967bb571f0fc9ee79c892abf9f99233aa1737e31,normal,0x5d88131b14d93c7b0d6e9e02ac0d28f3bd8c79ec5e2a106d131fad3dd0552f90,13636944,1637206165,0x967bb571f0fc9ee79c892abf9f99233aa1737e31,0x831dfca1fb4c35bb68f4b5d94ce81a2072e2dfee,0,43660,158908410492,36383,0xbcca1e04,"unstake(address[] tokens, uint256[] values)",,,,,
bZx_PrivKey_3,0x967bb571f0fc9ee79c892abf9f99233aa1737e31,normal,0x1de37552035ea7224441e9f8366a37f864eceebe3557f550a65dcea7a8d3df04,13636949,1637206212,0x967bb571f0fc9ee79c892abf9f99233aa1737e31,0xb72b31907c1c95f3650b64b2469e08edacee5e8f,0,43360,134882883148,24107,0x095ea7b3,"approve(address _spender, uint256 _value)",,,,,
bZx_PrivKey_3,0x967bb571f0fc9ee79c892abf9f99233aa1737e31,normal,0xe3d2744be04730f3d105a185002c6f68589b4701ba31d549267364fbae3b5130,13636954,1637206322,0x967bb571f0fc9ee79c892abf9f99233aa1737e31,0x1111111254fb6c44bac0bed2854e76f90643097d,0,240112,156068653305,185338,0x2e95b6c8,"unoswap(address srcToken, uint256 amount, uint256 minReturn, bytes32[])",,,,,
bZx_PrivKey_3,0x967bb571f0fc9ee79c892abf9f99233aa1737e31,normal,0x8c58ca738ed0f0cd4ea81af98b235f59891ede43be83721d047182c28180cee2,13637008,1637207004,0x967bb571f0fc9ee79c892abf9f99233aa1737e31,0xb72b31907c1c95f3650b64b2469e08edacee5e8f,0,46391,102459187986,46079,0x095ea7b3,"approve(address _spender, uint256 _value)",,,,,
bZx_PrivKey_3,0x967bb571f0fc9ee79c892abf9f99233aa1737e31,normal,0xf5e3e6a3c3afd3f11df766051503be163b7025d3c794530706850f9323dc8ca9,13637654,1637215995,0x967bb571f0fc9ee79c892abf9f99233aa1737e31,0xe95ebce2b02ee07def5ed6b53289801f7fc137a4,0,99658,187000000000,98577,0xbcca1e04,"unstake(address[] tokens, uint256[] values)",,,,,
bZx_PrivKey_3,0x967bb571f0fc9ee79c892abf9f99233aa1737e31,normal,0x1c050aae8841c3eb67076ca239efa3da7641eb9dc7b9c9343ec96d375ca9a7bc,13637666,1637216208,0x967bb571f0fc9ee79c892abf9f99233aa1737e31,0xe95ebce2b02ee07def5ed6b53289801f7fc137a4,0,99628,197000000000,98548,0xbcca1e04,"unstake(address[] tokens, uint256[] values)",,,,,
bZx_PrivKey_3,0x967bb571f0fc9ee79c892abf9f99233aa1737e31,normal,0x9bb43afa2fd147a778b8323fc8dec5a969ad9d56c340b46a6ff0eb6f72e8d69f,13638133,1637222748,0x967bb571f0fc9ee79c892abf9f99233aa1737e31,0xb72b31907c1c95f3650b64b2469e08edacee5e8f,0,50851,117458986650,33901,0x4e71d92d,claim(),,,,,
bZx_PrivKey_3,0x967bb571f0fc9ee79c892abf9f99233aa1737e31,normal,0x87ef03406330fc0588aa8d3a8923a18d2b8b2e42b09742dfca70270d34854382,13642838,1637285907,0x967bb571f0fc9ee79c892abf9f99233aa1737e31,0xafad9352eb6bcd085dd68268d353d0ed2571af89,18000000000000000000,21000,109322702013,21000,0x,,,,,,
bZx_PrivKey_3,0x967bb571f0fc9ee79c892abf9f99233aa1737e31,normal,0x239e9927547a3385ed90067795d0f2a450d5aaa18dc862a6b69bbdae41da1387,13661932,1637549158,0x967bb571f0fc9ee79c892abf9f99233aa1737e31,0xe95ebce2b02ee07def5ed6b53289801f7fc137a4,0,147388,142762430066,97192,0x2d81a78e,claim(bool _all),,,,,
bZx_PrivKey_3,0x967bb571f0fc9ee79c892abf9f99233aa1737e31,normal,0xcdb839b0db498f13051a877a6ed3b9d12e82b45b857afef1e670bee421bba26b,13662014,1637550301,0x967bb571f0fc9ee79c892abf9f99233aa1737e31,0xb7f72028d9b502dc871c444363a7ac5a52546608,50000000000000000,21000,134994545817,21000,0x,,,,,,
bZx_PrivKey_3,0x967bb571f0fc9ee79c892abf9f99233aa1737e31,normal,0x1752253d3b23d99ac8d2a15a0eeaaf3876c71c05e6583f45f8cf4fbc23d15d63,13662018,1637550340,0x967bb571f0fc9ee79c892abf9f99233aa1737e31,0xb7f72028d9b502dc871c444363a7ac5a52546608,150000000000000000,21000,131338006054,21000,0x,,,,,,
bZx_PrivKey_3,0x967bb571f0fc9ee79c892abf9f99233aa1737e31,normal,0x210bf37d90e906d9f50e0fe5ccea593d18be472d4ba47bb2cc769f8cfe5c68af,13662029,1637550538,0xb7f72028d9b502dc871c444363a7ac5a52546608,0x967bb571f0fc9ee79c892abf9f99233aa1737e31,67739522248271799,21000,139366712560,21000,0x,,,,,,
bZx_PrivKey_3,0x967bb571f0fc9ee79c892abf9f99233aa1737e31,normal,0x21885762e7586db6ef1df0c503d4c102fff72f999ebc76392f56dc9db4ce7c39,13662036,1637550645,0x967bb571f0fc9ee79c892abf9f99233aa1737e31,0x56d811088235f11c8920698a204a5010a788f4b3,0,170815,128557616804,113877,0xa9059cbb,"transfer(address _to, uint256 _value)",,,,,
bZx_PrivKey_3,0x967bb571f0fc9ee79c892abf9f99233aa1737e31,normal,0x21d6b5b41004a838a2bf486cd3d13e393fba3421fe3a7b3478449e75dfb93722,13662734,1637560179,0x967bb571f0fc9ee79c892abf9f99233aa1737e31,0x813413997503e41173f210c908cdb3528835cd42,200000000000000000,21000,152580217210,21000,0x,,,,,,
bZx_PrivKey_3,0x967bb571f0fc9ee79c892abf9f99233aa1737e31,normal,0x4312fc9a9176b61635e72f6b88fb9c79cf7ffcc9ac7aba0edad21785030bc395,13662762,1637560672,0x967bb571f0fc9ee79c892abf9f99233aa1737e31,0x813413997503e41173f210c908cdb3528835cd42,200000000000000000,21000,176565582808,21000,0x,,,,,,
bZx_PrivKey_3,0x967bb571f0fc9ee79c892abf9f99233aa1737e31,normal,0x31a0c94061a28d900d3f37a15089d6cf3e02e9db640f53d82d67a977c98b4cf6,13663020,1637564032,0x967bb571f0fc9ee79c892abf9f99233aa1737e31,0xbebc44782c7db0a1a60cb6fe97d0b483032ff1c7,0,231920,139685065446,138756,0x1a4d01d2,"remove_liquidity_one_coin(uint256 _token_amount, int128 i, uint256 _min_amount)",,,,,
bZx_PrivKey_3,0x967bb571f0fc9ee79c892abf9f99233aa1737e31,normal,0xfd2915eb86ab45527fecdf32c495da10b3a7c11a859e208a04b088373ad10b17,13663023,1637564072,0x967bb571f0fc9ee79c892abf9f99233aa1737e31,0x1111111254fb6c44bac0bed2854e76f90643097d,0,1017347,137723780506,717512,0x7c025200,0x7c025200(),,,,,
bZx_PrivKey_3,0x967bb571f0fc9ee79c892abf9f99233aa1737e31,normal,0x05a71ac101f91b114350f3f1d23baa124394b0edceb576fef1dbde1ad785d5d5,13663026,1637564165,0x967bb571f0fc9ee79c892abf9f99233aa1737e31,0xb72b31907c1c95f3650b64b2469e08edacee5e8f,0,480802,162006340091,320535,0xa9059cbb,"transfer(address _to, uint256 _value)",,,,,
bZx_PrivKey_3,0x967bb571f0fc9ee79c892abf9f99233aa1737e31,normal,0x38a3b95f8c466821220ce459472de68871338604972436df875db593c7498dec,14168903,1644370082,0xd690758a425ed7b2e3a225c2b40bc65300c67d4f,0x967bb571f0fc9ee79c892abf9f99233aa1737e31,0,24664,74565775778,24664,0x49207761,,,,,,
bZx_PrivKey_3,0x967bb571f0fc9ee79c892abf9f99233aa1737e31,internal,0x10e8f4e45ca2701c6955a24de7f1c6e8dfca46983f9e73e801a0331af7ada26c,13556640,1636116104,0x11111112542d85b3ef69ae05771c2dccff4faa26,0x967bb571f0fc9ee79c892abf9f99233aa1737e31,21195827528493342878,21374,,0,,,,,,,
bZx_PrivKey_3,0x967bb571f0fc9ee79c892abf9f99233aa1737e31,internal,0x8c89c11b152f015b1b295534c2efbac75ee9e0ab8e7e10969fbc7c548ff75e20,13556646,1636116225,0x27239549dd40e1d60f5b80b0c4196923745b1fd2,0x967bb571f0fc9ee79c892abf9f99233aa1737e31,115890771028916358175,2300,,0,,,,,,,
bZx_PrivKey_3,0x967bb571f0fc9ee79c892abf9f99233aa1737e31,internal,0x3494314425c52cc9c2240c0808a72fd22aa3b6a72470c2f685bb76dbb77fd9a4,13556794,1636118141,0x74de5d4fcbf63e00296fd95d33236b9794016631,0x967bb571f0fc9ee79c892abf9f99233aa1737e31,2626741756533763015135,18098,,0,,,,,,,
bZx_PrivKey_3,0x967bb571f0fc9ee79c892abf9f99233aa1737e31,internal,0x325af48fe4e78661da571408314e56247a1b596d06b614ead3bfea3e6c9f73ca,13556823,1636118426,0x27239549dd40e1d60f5b80b0c4196923745b1fd2,0x967bb571f0fc9ee79c892abf9f99233aa1737e31,111000094218002516366,2300,,0,,,,,,,
bZx_PrivKey_3,0x967bb571f0fc9ee79c892abf9f99233aa1737e31,internal,0x5bc35545aaa390ffd8800b6544e403063909650ad52fd126ce4119a589919668,13557014,1636120900,0x27239549dd40e1d60f5b80b0c4196923745b1fd2,0x967bb571f0fc9ee79c892abf9f99233aa1737e31,91929291839342376671,2300,,0,,,,,,,
bZx_PrivKey_3,0x967bb571f0fc9ee79c892abf9f99233aa1737e31,internal,0xa6222af6a8c51d577bbf18d483f5a3878d02863e3dbb91314631188f604e522e,13560891,1636173114,0xb983e01458529665007ff7e0cddecdb74b967eb6,0x967bb571f0fc9ee79c892abf9f99233aa1737e31,2882686876776885131,887144,,0,,,,,,,
bZx_PrivKey_3,0x967bb571f0fc9ee79c892abf9f99233aa1737e31,internal,0x38e4999445ce63579e1b2a074efc3a88e6008135833841c79aea16f37edcbc16,13560910,1636173252,0x27239549dd40e1d60f5b80b0c4196923745b1fd2,0x967bb571f0fc9ee79c892abf9f99233aa1737e31,20273172415270855701,2300,,0,,,,,,,
bZx_PrivKey_3,0x967bb571f0fc9ee79c892abf9f99233aa1737e31,internal,0xffb91d621a485bcd600afe64f929bdb4dd7e98ba812a26d24a0072856954cbc2,13561115,1636175758,0xb983e01458529665007ff7e0cddecdb74b967eb6,0x967bb571f0fc9ee79c892abf9f99233aa1737e31,30000000000000000000,868958,,0,,,,,,,
bZx_PrivKey_3,0x967bb571f0fc9ee79c892abf9f99233aa1737e31,internal,0x547fe24a31ff659e39fac62037b3b95ae180ebd8366276756dc53638783e0b24,13561120,1636175849,0x11111112542d85b3ef69ae05771c2dccff4faa26,0x967bb571f0fc9ee79c892abf9f99233aa1737e31,4344638073050356507,31769,,0,,,,,,,
bZx_PrivKey_3,0x967bb571f0fc9ee79c892abf9f99233aa1737e31,internal,0x18cb8cffa7dc69d2250d5494c563af8dd2f96d319100dcd49225e0d7d7efc0e0,13561146,1636176181,0x27239549dd40e1d60f5b80b0c4196923745b1fd2,0x967bb571f0fc9ee79c892abf9f99233aa1737e31,11118716999726149632,2300,,0,,,,,,,
bZx_PrivKey_3,0x967bb571f0fc9ee79c892abf9f99233aa1737e31,internal,0x459c29d09832d9fe6d61e94479278947399a8ed8b86969f8f4defb4d41eae986,13561163,1636176455,0x27239549dd40e1d60f5b80b0c4196923745b1fd2,0x967bb571f0fc9ee79c892abf9f99233aa1737e31,3463024480690565086,2300,,0,,,,,,,
bZx_PrivKey_3,0x967bb571f0fc9ee79c892abf9f99233aa1737e31,internal,0x8bb9b8d89db878985a488ffb4152df2fce7509763371f7590883ede2bfb25672,13574889,1636362576,0x11111112542d85b3ef69ae05771c2dccff4faa26,0x967bb571f0fc9ee79c892abf9f99233aa1737e31,1582608133072356848,31769,,0,,,,,,,
bZx_PrivKey_3,0x967bb571f0fc9ee79c892abf9f99233aa1737e31,internal,0x71d191fd98a01fea9aad04b6ecc0a14821fe3061874e83f8aeff2c8e3983a9c8,13579032,1636418559,0x74de5d4fcbf63e00296fd95d33236b9794016631,0x967bb571f0fc9ee79c892abf9f99233aa1737e31,22819000000000000000,12259,,0,,,,,,,
bZx_PrivKey_3,0x967bb571f0fc9ee79c892abf9f99233aa1737e31,internal,0xf14f430af7fcd0c449b7f544d982f43684a0f4e621a4d83c4e3cdd99c2e26284,13579074,1636418938,0x74de5d4fcbf63e00296fd95d33236b9794016631,0x967bb571f0fc9ee79c892abf9f99233aa1737e31,2285460000000000000,12254,,0,,,,,,,
bZx_PrivKey_3,0x967bb571f0fc9ee79c892abf9f99233aa1737e31,internal,0xf9714e08b5d47e36a04efc94d8c8b296049f4cf7ec042bafb492873165ad3f2e,13586667,1636522564,0xb47e3cd837ddf8e4c57f05d70ab865de6e193bbb,0x967bb571f0fc9ee79c892abf9f99233aa1737e31,130000000000000000000,2300,,0,,,,,,,
bZx_PrivKey_3,0x967bb571f0fc9ee79c892abf9f99233aa1737e31,internal,0xdc25d8d7c744d52438b39a7a96839637595ce8004423f3803cc7d0ee80b2ed80,13593513,1636614737,0x1111111254fb6c44bac0bed2854e76f90643097d,0x967bb571f0fc9ee79c892abf9f99233aa1737e31,1639622713102221158,20678,,0,,,,,,,
bZx_PrivKey_3,0x967bb571f0fc9ee79c892abf9f99233aa1737e31,internal,0x4bdaedff2017dfc9a7601e4802207ac28ce2e2c60036681c585375a9c1b74c76,13617239,1636936875,0x1111111254fb6c44bac0bed2854e76f90643097d,0x967bb571f0fc9ee79c892abf9f99233aa1737e31,2752389673437523555,2300,,0,,,,,,,
bZx_PrivKey_3,0x967bb571f0fc9ee79c892abf9f99233aa1737e31,internal,0xe3d2744be04730f3d105a185002c6f68589b4701ba31d549267364fbae3b5130,13636954,1637206322,0x1111111254fb6c44bac0bed2854e76f90643097d,0x967bb571f0fc9ee79c892abf9f99233aa1737e31,947815288010076991,31769,,0,,,,,,,
bZx_PrivKey_3,0x967bb571f0fc9ee79c892abf9f99233aa1737e31,erc20,0xe41212b8d9cb6cfd5767512edcc2ae038687a7d92ecd99732d877bace1978fc0,13556235,1636110568,0x399abd36b9c7cef008f75d8805ee5fdf05d41773,0x967bb571f0fc9ee79c892abf9f99233aa1737e31,2626741756533763015135,100000,93055080867,46830,0xa9059cbb,"transfer(address _to, uint256 _value)",0xc02aaa39b223fe8d0a0e5c4f27ead9083c756cc2,Wrapped Ether,WETH,18,
bZx_PrivKey_3,0x967bb571f0fc9ee79c892abf9f99233aa1737e31,erc20,0x221e922db559cec3b30641968546ce7fe7a0565c9020d2bd629b39fb6c22b7a2,13556245,1636110696,0x399abd36b9c7cef008f75d8805ee5fdf05d41773,0x967bb571f0fc9ee79c892abf9f99233aa1737e31,302080144017984095898631,77781,92468821008,47054,0xa9059cbb,"transfer(address _to, uint256 _value)",0x6b175474e89094c44da98b954eedeac495271d0f,Dai Stablecoin,DAI,18,
bZx_PrivKey_3,0x967bb571f0fc9ee79c892abf9f99233aa1737e31,erc20,0x185b55048797138bbad184872ceb6f3c537e7a994289c7e8eaffbf225daf979b,13556302,1636111423,0x54e88185eb636c0a75d67dccc70e9abe169ba55e,0x967bb571f0fc9ee79c892abf9f99233aa1737e31,10000000000000000000000000,424651,99175541487,283101,0xa9059cbb,"transfer(address _to, uint256 _value)",0xb72b31907c1c95f3650b64b2469e08edacee5e8f,bZx Vesting Token,vBZRX,18,
bZx_PrivKey_3,0x967bb571f0fc9ee79c892abf9f99233aa1737e31,erc20,0xc83a8d5121628a7babb6829714b4afc5c2b483cf6fab0d495ff17ee941d44253,13556346,1636111984,0xb72b31907c1c95f3650b64b2469e08edacee5e8f,0x967bb571f0fc9ee79c892abf9f99233aa1737e31,50826266579691237225,285246,94719291091,190164,0x4e71d92d,claim(),0x56d811088235f11c8920698a204a5010a788f4b3,bZx Protocol Token,BZRX,18,
bZx_PrivKey_3,0x967bb571f0fc9ee79c892abf9f99233aa1737e31,erc20,0x56d9567b7f56be3b716790849ac85e9b1f745f2ae3033adf0176393a8b0209c4,13556348,1636112020,0x399abd36b9c7cef008f75d8805ee5fdf05d41773,0x967bb571f0fc9ee79c892abf9f99233aa1737e31,648250035228,84327,98392748953,51418,0xa9059cbb,"transfer(address _to, uint256 _value)",0x383518188c0c6d7730d91b2c03a03c837814a899,OHM V1,OHM,9,
bZx_PrivKey_3,0x967bb571f0fc9ee79c892abf9f99233aa1737e31,erc20,0xd36665dd1e600e8b72a42da5a624b34b9fb3fd2b5a4225991d9e8d6493ffa9ee,13556348,1636112020,0x399abd36b9c7cef008f75d8805ee5fdf05d41773,0x967bb571f0fc9ee79c892abf9f99233aa1737e31,53918194369,99262,97892748953,60837,0xa9059cbb,"transfer(address _to, uint256 _value)",0xa0b86991c6218b36c1d19d4a2e9eb0ce3606eb48,USDC,USDC,6,
bZx_PrivKey_3,0x967bb571f0fc9ee79c892abf9f99233aa1737e31,erc20,0x2a11c97f8f6607faedb7fdcaa34e6d17252f39277d8dafa9601531618c6e5a65,13556387,1636112487,0xb72b31907c1c95f3650b64b2469e08edacee5e8f,0x967bb571f0fc9ee79c892abf9f99233aa1737e31,45571501050953105747,480820,90204738641,320547,0xa9059cbb,"transfer(address _to, uint256 _value)",0x56d811088235f11c8920698a204a5010a788f4b3,bZx Protocol Token,BZRX,18,
bZx_PrivKey_3,0x967bb571f0fc9ee79c892abf9f99233aa1737e31,erc20,0x2a11c97f8f6607faedb7fdcaa34e6d17252f39277d8dafa9601531618c6e5a65,13556387,1636112487,0xb7f72028d9b502dc871c444363a7ac5a52546608,0x967bb571f0fc9ee79c892abf9f99233aa1737e31,2331054049220297101331054,480820,90204738641,320547,0xa9059cbb,"transfer(address _to, uint256 _value)",0xb72b31907c1c95f3650b64b2469e08edacee5e8f,bZx Vesting Token,vBZRX,18,
bZx_PrivKey_3,0x967bb571f0fc9ee79c892abf9f99233aa1737e31,erc20,0xa0575122391b92a41b7e6a9e128cbff6ab0cc43adf6fec01cc3a23d00d01a7ac,13556439,1636113200,0x813413997503e41173f210c908cdb3528835cd42,0x967bb571f0fc9ee79c892abf9f99233aa1737e31,352828708327,73206,84410092412,43737,0xa9059cbb,"transfer(address _to, uint256 _value)",0xa0b86991c6218b36c1d19d4a2e9eb0ce3606eb48,USDC,USDC,6,
bZx_PrivKey_3,0x967bb571f0fc9ee79c892abf9f99233aa1737e31,erc20,0xd6b28c57ffaf77e653cda2707be3db73e380bba50abc4570f6b945e4fa9a0fa6,13556552,1636114889,0x54e88185eb636c0a75d67dccc70e9abe169ba55e,0x967bb571f0fc9ee79c892abf9f99233aa1737e31,207227521720,73206,119502315495,43737,0xa9059cbb,"transfer(address _to, uint256 _value)",0xa0b86991c6218b36c1d19d4a2e9eb0ce3606eb48,USDC,USDC,6,
bZx_PrivKey_3,0x967bb571f0fc9ee79c892abf9f99233aa1737e31,erc20,0x516bca6e30aa4242f8801abd1ec14dd02f94f5d972fe8b810a5e5a79858db399,13556567,1636115060,0x967bb571f0fc9ee79c892abf9f99233aa1737e31,0x27239549dd40e1d60f5b80b0c4196923745b1fd2,613974424416,273165,118947173176,188957,0x7c025200,0x7c025200(),0xa0b86991c6218b36c1d19d4a2e9eb0ce3606eb48,USDC,USDC,6,
bZx_PrivKey_3,0x967bb571f0fc9ee79c892abf9f99233aa1737e31,erc20,0x516bca6e30aa4242f8801abd1ec14dd02f94f5d972fe8b810a5e5a79858db399,13556567,1636115060,0xba12222222228d8ba445958a75a0704d566bf2c8,0x967bb571f0fc9ee79c892abf9f99233aa1737e31,613911926096264991082421,273165,118947173176,188957,0x7c025200,0x7c025200(),0x6b175474e89094c44da98b954eedeac495271d0f,Dai Stablecoin,DAI,18,
bZx_PrivKey_3,0x967bb571f0fc9ee79c892abf9f99233aa1737e31,erc20,0x10e8f4e45ca2701c6955a24de7f1c6e8dfca46983f9e73e801a0331af7ada26c,13556640,1636116104,0x967bb571f0fc9ee79c892abf9f99233aa1737e31,0x34d7d7aaf50ad4944b70b320acb24c95fa2def7c,100000000000,197148,134661421780,167234,0x2e95b6c8,"unoswap(address srcToken, uint256 amount, uint256 minReturn, bytes32[])",0x383518188c0c6d7730d91b2c03a03c837814a899,OHM V1,OHM,9,
bZx_PrivKey_3,0x967bb571f0fc9ee79c892abf9f99233aa1737e31,erc20,0x8c89c11b152f015b1b295534c2efbac75ee9e0ab8e7e10969fbc7c548ff75e20,13556646,1636116225,0x967bb571f0fc9ee79c892abf9f99233aa1737e31,0x27239549dd40e1d60f5b80b0c4196923745b1fd2,548000000000,752787,130753060536,570179,0x7c025200,0x7c025200(),0x383518188c0c6d7730d91b2c03a03c837814a899,OHM V1,OHM,9,
bZx_PrivKey_3,0x967bb571f0fc9ee79c892abf9f99233aa1737e31,erc20,0x5d96fe5a80b8284cd0aed79c1784c5f902ab4f9ef587b0b17b40b76ed42d7bb9,13556692,1636116938,0x813413997503e41173f210c908cdb3528835cd42,0x967bb571f0fc9ee79c892abf9f99233aa1737e31,1635875703798726068534,100000,122719858441,46893,0xa9059cbb,"transfer(address _to, uint256 _value)",0x6b3595068778dd592e39a122f4f5a5cf09c90fe2,SushiToken,SUSHI,18,
bZx_PrivKey_3,0x967bb571f0fc9ee79c892abf9f99233aa1737e31,erc20,0x1f83dd5e6795a3decc0cc6c8d92c046189a3d3e0db3b2d7a66a1803bd569d5f1,13556742,1636117505,0xb7f72028d9b502dc871c444363a7ac5a52546608,0x967bb571f0fc9ee79c892abf9f99233aa1737e31,82062000000000000000000,200629,150319378125,133753,0xa9059cbb,"transfer(address _to, uint256 _value)",0x56d811088235f11c8920698a204a5010a788f4b3,bZx Protocol Token,BZRX,18,
bZx_PrivKey_3,0x967bb571f0fc9ee79c892abf9f99233aa1737e31,erc20,0xfc0d7e40599395067efe471f4529fa872411b2da930eea4c6ed582b7285eeafa,13556781,1636117963,0xb72b31907c1c95f3650b64b2469e08edacee5e8f,0x967bb571f0fc9ee79c892abf9f99233aa1737e31,611771145661469403918,241180,136126691064,160787,0x4e71d92d,claim(),0x56d811088235f11c8920698a204a5010a788f4b3,bZx Protocol Token,BZRX,18,
bZx_PrivKey_3,0x967bb571f0fc9ee79c892abf9f99233aa1737e31,erc20,0x3494314425c52cc9c2240c0808a72fd22aa3b6a72470c2f685bb76dbb77fd9a4,13556794,1636118141,0x967bb571f0fc9ee79c892abf9f99233aa1737e31,0x74de5d4fcbf63e00296fd95d33236b9794016631,2626741756533763015135,190638,132388362198,137027,0x5f575529,"swap(string aggregatorId, address tokenFrom, uint256 amount, bytes data)",0xc02aaa39b223fe8d0a0e5c4f27ead9083c756cc2,Wrapped Ether,WETH,18,
bZx_PrivKey_3,0x967bb571f0fc9ee79c892abf9f99233aa1737e31,erc20,0x325af48fe4e78661da571408314e56247a1b596d06b614ead3bfea3e6c9f73ca,13556823,1636118426,0x967bb571f0fc9ee79c892abf9f99233aa1737e31,0x27239549dd40e1d60f5b80b0c4196923745b1fd2,500000000000000000000000,366669,114533759792,276494,0x7c025200,0x7c025200(),0x6b175474e89094c44da98b954eedeac495271d0f,Dai Stablecoin,DAI,18,
bZx_PrivKey_3,0x967bb571f0fc9ee79c892abf9f99233aa1737e31,erc20,0x31a44403c035fe78815cea3e610eeddf8d6a26f79dbd2cd5d022918fac9ad64c,13556880,1636119231,0xe78388b4ce79068e89bf8aa7f218ef6b9ab0e9d0,0x967bb571f0fc9ee79c892abf9f99233aa1737e31,137426297465,200000,134198344421,63221,0xa9059cbb,"transfer(address _to, uint256 _value)",0xdac17f958d2ee523a2206206994597c13d831ec7,Tether USD,USDT,6,
bZx_PrivKey_3,0x967bb571f0fc9ee79c892abf9f99233aa1737e31,erc20,0x5bc35545aaa390ffd8800b6544e403063909650ad52fd126ce4119a589919668,13557014,1636120900,0x967bb571f0fc9ee79c892abf9f99233aa1737e31,0x27239549dd40e1d60f5b80b0c4196923745b1fd2,415992070114249086981052,243438,145555574375,168549,0x7c025200,0x7c025200(),0x6b175474e89094c44da98b954eedeac495271d0f,Dai Stablecoin,DAI,18,
bZx_PrivKey_3,0x967bb571f0fc9ee79c892abf9f99233aa1737e31,erc20,0x113ac733f7ba00f37d451dc2945e519b950a3feeac61c945961e7c136176796e,13557110,1636122183,0x5cbe98480a790554403694b98bff71a525907f5d,0x967bb571f0fc9ee79c892abf9f99233aa1737e31,34295670000000000000000,91604,146186784004,70465,0xec126c77,"Swapin(bytes32 txhash, address account, uint256 amount)",0x4e15361fd6b4bb609fa63c81a2be19d873717870,Fantom Token,FTM,18,
bZx_PrivKey_3,0x967bb571f0fc9ee79c892abf9f99233aa1737e31,erc20,0x1378864011fca23643f8d017e1a44d88dbf384ed90e52522fafc9697490c443c,13557280,1636124611,0x399abd36b9c7cef008f75d8805ee5fdf05d41773,0x967bb571f0fc9ee79c892abf9f99233aa1737e31,1,200000,239000000000,65391,0x8b72a2ec,"transferPunk(address to, uint256 punkIndex)",0xb47e3cd837ddf8e4c57f05d70ab865de6e193bbb,CRYPTOPUNKS,,0,
bZx_PrivKey_3,0x967bb571f0fc9ee79c892abf9f99233aa1737e31,erc20,0x93dbc7d6e16c1c5fe0113c4179acf4c12d97cc9b4163fc812e529a509aec3036,13557281,1636124626,0x399abd36b9c7cef008f75d8805ee5fdf05d41773,0x967bb571f0fc9ee79c892abf9f99233aa1737e31,1,200000,213000000000,43491,0x8b72a2ec,"transferPunk(address to, uint256 punkIndex)",0xb47e3cd837ddf8e4c57f05d70ab865de6e193bbb,CRYPTOPUNKS,,0,
bZx_PrivKey_3,0x967bb571f0fc9ee79c892abf9f99233aa1737e31,erc20,0xa6222af6a8c51d577bbf18d483f5a3878d02863e3dbb91314631188f604e522e,13560891,1636173114,0x967bb571f0fc9ee79c892abf9f99233aa1737e31,0xd8ee69652e4e4838f2531732a46d1f7f584f0b7f,82770168913292113746890,1069499,99000000000,852903,0x2ea295fa,"borrow(bytes32 loanId, uint256 withdrawAmount, uint256 initialLoanDuration, uint256 collateralTokenSent, address collateralTokenAddress, address borrower, address receiver, bytes)",0x56d811088235f11c8920698a204a5010a788f4b3,bZx Protocol Token,BZRX,18,
bZx_PrivKey_3,0x967bb571f0fc9ee79c892abf9f99233aa1737e31,erc20,0x38e4999445ce63579e1b2a074efc3a88e6008135833841c79aea16f37edcbc16,13560910,1636173252,0x967bb571f0fc9ee79c892abf9f99233aa1737e31,0x27239549dd40e1d60f5b80b0c4196923745b1fd2,34295670000000000000000,393310,83010821817,272078,0x7c025200,0x7c025200(),0x4e15361fd6b4bb609fa63c81a2be19d873717870,Fantom Token,FTM,18,
bZx_PrivKey_3,0x967bb571f0fc9ee79c892abf9f99233aa1737e31,erc20,0xc8d9ba7ed4d6ef7c700ac2dc9558ea53c90fb104e00ad0435b0796132f6a1def,13561103,1636175632,0x40ec5b33f54e0e8a33a975908c5ba1c14e5bbbdf,0x967bb571f0fc9ee79c892abf9f99233aa1737e31,1074478938802923413273370,449591,95387148343,331261,0x3805550f,exit(bytes inputData),0x56d811088235f11c8920698a204a5010a788f4b3,bZx Protocol Token,BZRX,18,
bZx_PrivKey_3,0x967bb571f0fc9ee79c892abf9f99233aa1737e31,erc20,0xffb91d621a485bcd600afe64f929bdb4dd7e98ba812a26d24a0072856954cbc2,13561115,1636175758,0x967bb571f0fc9ee79c892abf9f99233aa1737e31,0xd8ee69652e4e4838f2531732a46d1f7f584f0b7f,826699091353600718378297,1050718,88000000000,838591,0x2ea295fa,"borrow(bytes32 loanId, uint256 withdrawAmount, uint256 initialLoanDuration, uint256 collateralTokenSent, address collateralTokenAddress, address borrower, address receiver, bytes)",0x56d811088235f11c8920698a204a5010a788f4b3,bZx Protocol Token,BZRX,18,
bZx_PrivKey_3,0x967bb571f0fc9ee79c892abf9f99233aa1737e31,erc20,0x547fe24a31ff659e39fac62037b3b95ae180ebd8366276756dc53638783e0b24,13561120,1636175849,0x967bb571f0fc9ee79c892abf9f99233aa1737e31,0x6cbefa95e42960e579c2a3058c05c6a08e2498e9,1635875703798726068534,150709,100340201647,108235,0x2e95b6c8,"unoswap(address srcToken, uint256 amount, uint256 minReturn, bytes32[])",0x6b3595068778dd592e39a122f4f5a5cf09c90fe2,SushiToken,SUSHI,18,
bZx_PrivKey_3,0x967bb571f0fc9ee79c892abf9f99233aa1737e31,erc20,0x9d928fb67ea40e28ad22a0d043e5f863e92f44125980ee2dd531e6f93ac77221,13561141,1636176088,0x32e4c68b3a4a813b710595aeba7f6b7604ab9c15,0x967bb571f0fc9ee79c892abf9f99233aa1737e31,50000000000,1121380,92000000000,895716,0x2ea295fa,"borrow(bytes32 loanId, uint256 withdrawAmount, uint256 initialLoanDuration, uint256 collateralTokenSent, address collateralTokenAddress, address borrower, address receiver, bytes)",0xa0b86991c6218b36c1d19d4a2e9eb0ce3606eb48,USDC,USDC,6,
bZx_PrivKey_3,0x967bb571f0fc9ee79c892abf9f99233aa1737e31,erc20,0x9d928fb67ea40e28ad22a0d043e5f863e92f44125980ee2dd531e6f93ac77221,13561141,1636176088,0x967bb571f0fc9ee79c892abf9f99233aa1737e31,0xd8ee69652e4e4838f2531732a46d1f7f584f0b7f,188133526712402715180353,1121380,92000000000,895716,0x2ea295fa,"borrow(bytes32 loanId, uint256 withdrawAmount, uint256 initialLoanDuration, uint256 collateralTokenSent, address collateralTokenAddress, address borrower, address receiver, bytes)",0x56d811088235f11c8920698a204a5010a788f4b3,bZx Protocol Token,BZRX,18,
bZx_PrivKey_3,0x967bb571f0fc9ee79c892abf9f99233aa1737e31,erc20,0x18cb8cffa7dc69d2250d5494c563af8dd2f96d319100dcd49225e0d7d7efc0e0,13561146,1636176181,0x967bb571f0fc9ee79c892abf9f99233aa1737e31,0x27239549dd40e1d60f5b80b0c4196923745b1fd2,50000000000,321921,87316860851,213087,0x7c025200,0x7c025200(),0xa0b86991c6218b36c1d19d4a2e9eb0ce3606eb48,USDC,USDC,6,
bZx_PrivKey_3,0x967bb571f0fc9ee79c892abf9f99233aa1737e31,erc20,0x04d964dd70eb0bc36f75b92d4f3c2e4af2db1969a36c3e72f0d129c1ffbea454,13561156,1636176339,0x32e4c68b3a4a813b710595aeba7f6b7604ab9c15,0x967bb571f0fc9ee79c892abf9f99233aa1737e31,15600000000,1121380,92000000000,895716,0x2ea295fa,"borrow(bytes32 loanId, uint256 withdrawAmount, uint256 initialLoanDuration, uint256 collateralTokenSent, address collateralTokenAddress, address borrower, address receiver, bytes)",0xa0b86991c6218b36c1d19d4a2e9eb0ce3606eb48,USDC,USDC,6,
bZx_PrivKey_3,0x967bb571f0fc9ee79c892abf9f99233aa1737e31,erc20,0x04d964dd70eb0bc36f75b92d4f3c2e4af2db1969a36c3e72f0d129c1ffbea454,13561156,1636176339,0x967bb571f0fc9ee79c892abf9f99233aa1737e31,0xd8ee69652e4e4838f2531732a46d1f7f584f0b7f,59157696546860631255114,1121380,92000000000,895716,0x2ea295fa,"borrow(bytes32 loanId, uint256 withdrawAmount, uint256 initialLoanDuration, uint256 collateralTokenSent, address collateralTokenAddress, address borrower, address receiver, bytes)",0x56d811088235f11c8920698a204a5010a788f4b3,bZx Protocol Token,BZRX,18,
bZx_PrivKey_3,0x967bb571f0fc9ee79c892abf9f99233aa1737e31,erc20,0x459c29d09832d9fe6d61e94479278947399a8ed8b86969f8f4defb4d41eae986,13561163,1636176455,0x967bb571f0fc9ee79c892abf9f99233aa1737e31,0x27239549dd40e1d60f5b80b0c4196923745b1fd2,15600000000,225725,99697079912,156595,0x7c025200,0x7c025200(),0xa0b86991c6218b36c1d19d4a2e9eb0ce3606eb48,USDC,USDC,6,
bZx_PrivKey_3,0x967bb571f0fc9ee79c892abf9f99233aa1737e31,erc20,0x6cc591d403fc8ce6ae2da5a9196196e1566726805bcd9c55ecf7fd3b8ed5d0c6,13574863,1636362166,0xb72b31907c1c95f3650b64b2469e08edacee5e8f,0x967bb571f0fc9ee79c892abf9f99233aa1737e31,27282021381294341279230,241180,113572468369,160787,0x4e71d92d,claim(),0x56d811088235f11c8920698a204a5010a788f4b3,bZx Protocol Token,BZRX,18,
bZx_PrivKey_3,0x967bb571f0fc9ee79c892abf9f99233aa1737e31,erc20,0x5b0f8c7ac2356bd47f2439e8eb0a884493406d944eb1b520e20f43ba42230266,13574873,1636362327,0x32e4c68b3a4a813b710595aeba7f6b7604ab9c15,0x967bb571f0fc9ee79c892abf9f99233aa1737e31,7500000000,1120762,90000000000,895209,0x2ea295fa,"borrow(bytes32 loanId, uint256 withdrawAmount, uint256 initialLoanDuration, uint256 collateralTokenSent, address collateralTokenAddress, address borrower, address receiver, bytes)",0xa0b86991c6218b36c1d19d4a2e9eb0ce3606eb48,USDC,USDC,6,
bZx_PrivKey_3,0x967bb571f0fc9ee79c892abf9f99233aa1737e31,erc20,0x5b0f8c7ac2356bd47f2439e8eb0a884493406d944eb1b520e20f43ba42230266,13574873,1636362327,0x967bb571f0fc9ee79c892abf9f99233aa1737e31,0xd8ee69652e4e4838f2531732a46d1f7f584f0b7f,26112917246000519084182,1120762,90000000000,895209,0x2ea295fa,"borrow(bytes32 loanId, uint256 withdrawAmount, uint256 initialLoanDuration, uint256 collateralTokenSent, address collateralTokenAddress, address borrower, address receiver, bytes)",0x56d811088235f11c8920698a204a5010a788f4b3,bZx Protocol Token,BZRX,18,
bZx_PrivKey_3,0x967bb571f0fc9ee79c892abf9f99233aa1737e31,erc20,0x8bb9b8d89db878985a488ffb4152df2fce7509763371f7590883ede2bfb25672,13574889,1636362576,0x967bb571f0fc9ee79c892abf9f99233aa1737e31,0x397ff1542f962076d0bfe58ea045ffa2d347aca0,7500000000,163906,86941403675,121432,0x2e95b6c8,"unoswap(address srcToken, uint256 amount, uint256 minReturn, bytes32[])",0xa0b86991c6218b36c1d19d4a2e9eb0ce3606eb48,USDC,USDC,6,
bZx_PrivKey_3,0x967bb571f0fc9ee79c892abf9f99233aa1737e31,erc20,0xa42510551c09abe30881b6fe28c3cf0d600c414c13dc516296bd323b34aa609d,13578978,1636417965,0xd3d6373f5b637e712ec620a4ab7cffe24edbc2e3,0x967bb571f0fc9ee79c892abf9f99233aa1737e31,24020000000000000000,387813,284551390653,278976,0xab834bab,"atomicMatch_(address[14] addrs, uint256[18] uints, uint8[8] feeMethodsSidesKindsHowToCalls, bytes calldataBuy, bytes calldataSell, bytes replacementPatternBuy, bytes replacementPatternSell, bytes staticExtradataBuy, bytes staticExtradataSell, uint8[2] vs, bytes32[5] rssMetadata)",0xc02aaa39b223fe8d0a0e5c4f27ead9083c756cc2,Wrapped Ether,WETH,18,
bZx_PrivKey_3,0x967bb571f0fc9ee79c892abf9f99233aa1737e31,erc20,0xa42510551c09abe30881b6fe28c3cf0d600c414c13dc516296bd323b34aa609d,13578978,1636417965,0x967bb571f0fc9ee79c892abf9f99233aa1737e31,0x5b3256965e7c3cf26e11fcaf296dfc8807c01073,1201000000000000000,387813,284551390653,278976,0xab834bab,"atomicMatch_(address[14] addrs, uint256[18] uints, uint8[8] feeMethodsSidesKindsHowToCalls, bytes calldataBuy, bytes calldataSell, bytes replacementPatternBuy, bytes replacementPatternSell, bytes staticExtradataBuy, bytes staticExtradataSell, uint8[2] vs, bytes32[5] rssMetadata)",0xc02aaa39b223fe8d0a0e5c4f27ead9083c756cc2,Wrapped Ether,WETH,18,
bZx_PrivKey_3,0x967bb571f0fc9ee79c892abf9f99233aa1737e31,erc20,0x71d191fd98a01fea9aad04b6ecc0a14821fe3061874e83f8aeff2c8e3983a9c8,13579032,1636418559,0x967bb571f0fc9ee79c892abf9f99233aa1737e31,0x74de5d4fcbf63e00296fd95d33236b9794016631,22819000000000000000,184433,215261565115,136960,0x5f575529,"swap(string aggregatorId, address tokenFrom, uint256 amount, bytes data)",0xc02aaa39b223fe8d0a0e5c4f27ead9083c756cc2,Wrapped Ether,WETH,18,
bZx_PrivKey_3,0x967bb571f0fc9ee79c892abf9f99233aa1737e31,erc20,0x9edd600fe849755ba3c21bd6e6f7bae9d7f4acabe705ec18defa0d42e4d2e11e,13579056,1636418789,0x9048d24577d4c4bbf14f1020f20640b334f8c762,0x967bb571f0fc9ee79c892abf9f99233aa1737e31,2539400000000000000,348723,210627786370,253707,0xab834bab,"atomicMatch_(address[14] addrs, uint256[18] uints, uint8[8] feeMethodsSidesKindsHowToCalls, bytes calldataBuy, bytes calldataSell, bytes replacementPatternBuy, bytes replacementPatternSell, bytes staticExtradataBuy, bytes staticExtradataSell, uint8[2] vs, bytes32[5] rssMetadata)",0xc02aaa39b223fe8d0a0e5c4f27ead9083c756cc2,Wrapped Ether,WETH,18,
bZx_PrivKey_3,0x967bb571f0fc9ee79c892abf9f99233aa1737e31,erc20,0x9edd600fe849755ba3c21bd6e6f7bae9d7f4acabe705ec18defa0d42e4d2e11e,13579056,1636418789,0x967bb571f0fc9ee79c892abf9f99233aa1737e31,0x5b3256965e7c3cf26e11fcaf296dfc8807c01073,253940000000000000,348723,210627786370,253707,0xab834bab,"atomicMatch_(address[14] addrs, uint256[18] uints, uint8[8] feeMethodsSidesKindsHowToCalls, bytes calldataBuy, bytes calldataSell, bytes replacementPatternBuy, bytes replacementPatternSell, bytes staticExtradataBuy, bytes staticExtradataSell, uint8[2] vs, bytes32[5] rssMetadata)",0xc02aaa39b223fe8d0a0e5c4f27ead9083c756cc2,Wrapped Ether,WETH,18,
bZx_PrivKey_3,0x967bb571f0fc9ee79c892abf9f99233aa1737e31,erc20,0xf14f430af7fcd0c449b7f544d982f43684a0f4e621a4d83c4e3cdd99c2e26284,13579074,1636418938,0x967bb571f0fc9ee79c892abf9f99233aa1737e31,0x74de5d4fcbf63e00296fd95d33236b9794016631,2285460000000000000,184344,181556209402,136892,0x5f575529,"swap(string aggregatorId, address tokenFrom, uint256 amount, bytes data)",0xc02aaa39b223fe8d0a0e5c4f27ead9083c756cc2,Wrapped Ether,WETH,18,
bZx_PrivKey_3,0x967bb571f0fc9ee79c892abf9f99233aa1737e31,erc20,0x3b84cc91ecabfc07e8e63f0499733768da2bc7d7735e593ea9281cb451735bae,13579119,1636419501,0x967bb571f0fc9ee79c892abf9f99233aa1737e31,0x53cb834c43ce919289a4db2ca54f65e1afb17041,1,200000,307000000000,72505,0x8b72a2ec,"transferPunk(address to, uint256 punkIndex)",0xb47e3cd837ddf8e4c57f05d70ab865de6e193bbb,CRYPTOPUNKS,,0,
bZx_PrivKey_3,0x967bb571f0fc9ee79c892abf9f99233aa1737e31,erc20,0x0cecfbb78cc1a875df9430a9e72cf7c21265dbc49e2b7f8667abf4d328922bc7,13579144,1636419735,0x53cb834c43ce919289a4db2ca54f65e1afb17041,0x967bb571f0fc9ee79c892abf9f99233aa1737e31,1,200000,306000000000,43491,0x8b72a2ec,"transferPunk(address to, uint256 punkIndex)",0xb47e3cd837ddf8e4c57f05d70ab865de6e193bbb,CRYPTOPUNKS,,0,
bZx_PrivKey_3,0x967bb571f0fc9ee79c892abf9f99233aa1737e31,erc20,0x9cdd25945d41191fee80aec7ba7f6592141cefae8c52e5f336852cbfa539b614,13586520,1636520442,0x967bb571f0fc9ee79c892abf9f99233aa1737e31,0x1919db36ca2fa2e15f9000fd9cdc2edcf863e685,1,100000,133055483064,80736,0x8264fe98,buyPunk(uint256 punkIndex),0xb47e3cd837ddf8e4c57f05d70ab865de6e193bbb,CRYPTOPUNKS,,0,
bZx_PrivKey_3,0x967bb571f0fc9ee79c892abf9f99233aa1737e31,erc20,0x899e589d648fdc9cee759c816364d80000b76e67b3aaacd6fc84e9d499560ee1,13586521,1636520451,0x967bb571f0fc9ee79c892abf9f99233aa1737e31,0x1919db36ca2fa2e15f9000fd9cdc2edcf863e685,1,100000,141939470597,58836,0x8264fe98,buyPunk(uint256 punkIndex),0xb47e3cd837ddf8e4c57f05d70ab865de6e193bbb,CRYPTOPUNKS,,0,
bZx_PrivKey_3,0x967bb571f0fc9ee79c892abf9f99233aa1737e31,erc20,0x2a42b6a1705b0fc0e70cd73567a381a9750f5170be04c0e0e592fc57e90c39ff,13593478,1636614222,0xb72b31907c1c95f3650b64b2469e08edacee5e8f,0x967bb571f0fc9ee79c892abf9f99233aa1737e31,28159347679117482117245,241180,153500661386,160787,0x4e71d92d,claim(),0x56d811088235f11c8920698a204a5010a788f4b3,bZx Protocol Token,BZRX,18,
bZx_PrivKey_3,0x967bb571f0fc9ee79c892abf9f99233aa1737e31,erc20,0x461243515396dfb12d12357d8c9fde13e6d2bad24adc8d9234af33bd1047b5f0,13593507,1636614668,0xb72b31907c1c95f3650b64b2469e08edacee5e8f,0x967bb571f0fc9ee79c892abf9f99233aa1737e31,49826503098067084395,547569,127000000000,451068,0xcf86add5,"stake(address[] tokens, uint256[] values)",0x56d811088235f11c8920698a204a5010a788f4b3,bZx Protocol Token,BZRX,18,
bZx_PrivKey_3,0x967bb571f0fc9ee79c892abf9f99233aa1737e31,erc20,0x461243515396dfb12d12357d8c9fde13e6d2bad24adc8d9234af33bd1047b5f0,13593507,1636614668,0x967bb571f0fc9ee79c892abf9f99233aa1737e31,0xe95ebce2b02ee07def5ed6b53289801f7fc137a4,6142260880000000000000000,547569,127000000000,451068,0xcf86add5,"stake(address[] tokens, uint256[] values)",0xb72b31907c1c95f3650b64b2469e08edacee5e8f,bZx Vesting Token,vBZRX,18,
bZx_PrivKey_3,0x967bb571f0fc9ee79c892abf9f99233aa1737e31,erc20,0x793af7f4b9b9d68d59e6e2786dfc9dda3f2637c53aa3c569a30fa884267003fa,13593507,1636614668,0x32e4c68b3a4a813b710595aeba7f6b7604ab9c15,0x967bb571f0fc9ee79c892abf9f99233aa1737e31,7670700000,1120776,128000000000,850780,0x2ea295fa,"borrow(bytes32 loanId, uint256 withdrawAmount, uint256 initialLoanDuration, uint256 collateralTokenSent, address collateralTokenAddress, address borrower, address receiver, bytes)",0xa0b86991c6218b36c1d19d4a2e9eb0ce3606eb48,USDC,USDC,6,
bZx_PrivKey_3,0x967bb571f0fc9ee79c892abf9f99233aa1737e31,erc20,0x793af7f4b9b9d68d59e6e2786dfc9dda3f2637c53aa3c569a30fa884267003fa,13593507,1636614668,0x967bb571f0fc9ee79c892abf9f99233aa1737e31,0xd8ee69652e4e4838f2531732a46d1f7f584f0b7f,28092101997178504253813,1120776,128000000000,850780,0x2ea295fa,"borrow(bytes32 loanId, uint256 withdrawAmount, uint256 initialLoanDuration, uint256 collateralTokenSent, address collateralTokenAddress, address borrower, address receiver, bytes)",0x56d811088235f11c8920698a204a5010a788f4b3,bZx Protocol Token,BZRX,18,
bZx_PrivKey_3,0x967bb571f0fc9ee79c892abf9f99233aa1737e31,erc20,0xdc25d8d7c744d52438b39a7a96839637595ce8004423f3803cc7d0ee80b2ed80,13593513,1636614737,0x967bb571f0fc9ee79c892abf9f99233aa1737e31,0xb4e16d0168e52d35cacd2c6185b44281ec28c9dc,7670700000,223474,113280863289,175195,0xa1251d75,"unoswapWithPermit(address srcToken, uint256 amount, uint256 minReturn, bytes32[] pools, bytes permit)",0xa0b86991c6218b36c1d19d4a2e9eb0ce3606eb48,USDC,USDC,6,
bZx_PrivKey_3,0x967bb571f0fc9ee79c892abf9f99233aa1737e31,erc20,0x51c94a139161655957b79bd339cbf9764de2e21f4ccb7b5e3e4a3775af6f3305,13598788,1636686068,0xb72b31907c1c95f3650b64b2469e08edacee5e8f,0x967bb571f0fc9ee79c892abf9f99233aa1737e31,4003405018140983665244,241180,162549146236,160787,0x4e71d92d,claim(),0x56d811088235f11c8920698a204a5010a788f4b3,bZx Protocol Token,BZRX,18,
bZx_PrivKey_3,0x967bb571f0fc9ee79c892abf9f99233aa1737e31,erc20,0xc663d957891d5ef10423115480a0c3e4486b14ecdb1de5840a7a1d33a11c65d1,13598803,1636686303,0xe95ebce2b02ee07def5ed6b53289801f7fc137a4,0x967bb571f0fc9ee79c892abf9f99233aa1737e31,3986381624074074074074,239777,166000000000,177260,0x2d81a78e,claim(bool _all),0x56d811088235f11c8920698a204a5010a788f4b3,bZx Protocol Token,BZRX,18,
bZx_PrivKey_3,0x967bb571f0fc9ee79c892abf9f99233aa1737e31,erc20,0x2af07f54e825d69dca366c9c1259b4f1480da2d57dc53d1bc61d5442e0ffaf20,13605040,1636770518,0xe95ebce2b02ee07def5ed6b53289801f7fc137a4,0x967bb571f0fc9ee79c892abf9f99233aa1737e31,4686439987037037037037,239777,206000000000,177260,0x2d81a78e,claim(bool _all),0x56d811088235f11c8920698a204a5010a788f4b3,bZx Protocol Token,BZRX,18,
bZx_PrivKey_3,0x967bb571f0fc9ee79c892abf9f99233aa1737e31,erc20,0xeb21ab114b65f2dcf3e17780131eb6704964c07f0a4e4abda0c3f17daacf8091,13605047,1636770571,0xb72b31907c1c95f3650b64b2469e08edacee5e8f,0x967bb571f0fc9ee79c892abf9f99233aa1737e31,4738091516077976788013,192945,205000000000,160787,0x4e71d92d,claim(),0x56d811088235f11c8920698a204a5010a788f4b3,bZx Protocol Token,BZRX,18,
bZx_PrivKey_3,0x967bb571f0fc9ee79c892abf9f99233aa1737e31,erc20,0x7b3da08dad611048ba8e5af5aacfc96560a44f28836c9cba2f8cf3ccde6fe48c,13617197,1636936395,0xe95ebce2b02ee07def5ed6b53289801f7fc137a4,0x967bb571f0fc9ee79c892abf9f99233aa1737e31,9230809306296296296296,239777,132000000000,177260,0x2d81a78e,claim(bool _all),0x56d811088235f11c8920698a204a5010a788f4b3,bZx Protocol Token,BZRX,18,
bZx_PrivKey_3,0x967bb571f0fc9ee79c892abf9f99233aa1737e31,erc20,0x81b6785b7cfd12e1a228d6d597eb61352a302c2a6486ecb3a5d79a406895e841,13617205,1636936488,0xb72b31907c1c95f3650b64b2469e08edacee5e8f,0x967bb571f0fc9ee79c892abf9f99233aa1737e31,9302982498527977405971,192945,133000000000,160787,0x4e71d92d,claim(),0x56d811088235f11c8920698a204a5010a788f4b3,bZx Protocol Token,BZRX,18,
bZx_PrivKey_3,0x967bb571f0fc9ee79c892abf9f99233aa1737e31,erc20,0x4bdaedff2017dfc9a7601e4802207ac28ce2e2c60036681c585375a9c1b74c76,13617239,1636936875,0x967bb571f0fc9ee79c892abf9f99233aa1737e31,0x220bda5c8994804ac96ebe4df184d25e5c2196d4,37722910460544560869116,528433,87548717289,412091,0x7c025200,0x7c025200(),0x56d811088235f11c8920698a204a5010a788f4b3,bZx Protocol Token,BZRX,18,
bZx_PrivKey_3,0x967bb571f0fc9ee79c892abf9f99233aa1737e31,erc20,0x1cabb0accfbea3a081c2fba8b929cdda2d7c8559f95acd58ec676d2cce32fbb9,13620542,1636982448,0x967bb571f0fc9ee79c892abf9f99233aa1737e31,0xecfbf8800eb71f4edec980d8274cff4af3134683,0,341733,140000000000,320264,0x6a761202,"execTransaction(address to, uint256 value, bytes data, uint8 operation, uint256 safeTxGas, uint256 baseGas, uint256 gasPrice, address gasToken, address refundReceiver, bytes signatures)",0x56d811088235f11c8920698a204a5010a788f4b3,bZx Protocol Token,BZRX,18,
bZx_PrivKey_3,0x967bb571f0fc9ee79c892abf9f99233aa1737e31,erc20,0xc043f59e199e30477d1164ca9ebd4211b2e6f0ccbd1d6e1a97df2ca8e94f3bf6,13624532,1637037256,0xb72b31907c1c95f3650b64b2469e08edacee5e8f,0x967bb571f0fc9ee79c892abf9f99233aa1737e31,5650071664818356330243,192945,157000000000,160787,0x4e71d92d,claim(),0x56d811088235f11c8920698a204a5010a788f4b3,bZx Protocol Token,BZRX,18,
bZx_PrivKey_3,0x967bb571f0fc9ee79c892abf9f99233aa1737e31,erc20,0x1cb2280237f1a5651aa111c69122add88a4c97b29cd4dc39878abb801a47d824,13630014,1637112238,0xb72b31907c1c95f3650b64b2469e08edacee5e8f,0x967bb571f0fc9ee79c892abf9f99233aa1737e31,4204248110227552341559,241180,126059201882,160787,0x4e71d92d,claim(),0x56d811088235f11c8920698a204a5010a788f4b3,bZx Protocol Token,BZRX,18,
bZx_PrivKey_3,0x967bb571f0fc9ee79c892abf9f99233aa1737e31,erc20,0x55baed5a0793c3210f705a4ea405ba4bd172102fe834baacb1f4af09dd909224,13636811,1637204174,0xb72b31907c1c95f3650b64b2469e08edacee5e8f,0x967bb571f0fc9ee79c892abf9f99233aa1737e31,5154860556692009443248,241180,126313326970,160787,0x4e71d92d,claim(),0x56d811088235f11c8920698a204a5010a788f4b3,bZx Protocol Token,BZRX,18,
bZx_PrivKey_3,0x967bb571f0fc9ee79c892abf9f99233aa1737e31,erc20,0x5184ad8c218b7e52d33087c4d0127876bfad0667a18d7b1c9d7b374fd569fc18,13636819,1637204371,0xb72b31907c1c95f3650b64b2469e08edacee5e8f,0x967bb571f0fc9ee79c892abf9f99233aa1737e31,11045809363778344286,300000,175000000000,291231,0x51cff8d9,withdraw(address addr),0x56d811088235f11c8920698a204a5010a788f4b3,bZx Protocol Token,BZRX,18,
bZx_PrivKey_3,0x967bb571f0fc9ee79c892abf9f99233aa1737e31,erc20,0x5184ad8c218b7e52d33087c4d0127876bfad0667a18d7b1c9d7b374fd569fc18,13636819,1637204371,0x967bb571f0fc9ee79c892abf9f99233aa1737e31,0xecfbf8800eb71f4edec980d8274cff4af3134683,6188793169220297101331054,300000,175000000000,291231,0x51cff8d9,withdraw(address addr),0xb72b31907c1c95f3650b64b2469e08edacee5e8f,bZx Vesting Token,vBZRX,18,
bZx_PrivKey_3,0x967bb571f0fc9ee79c892abf9f99233aa1737e31,erc20,0xe3d2744be04730f3d105a185002c6f68589b4701ba31d549267364fbae3b5130,13636954,1637206322,0x967bb571f0fc9ee79c892abf9f99233aa1737e31,0xb9b752f7f4a4680eeb327ffe728f46666763a796,15020226141101696459336,240112,156068653305,185338,0x2e95b6c8,"unoswap(address srcToken, uint256 amount, uint256 minReturn, bytes32[])",0x56d811088235f11c8920698a204a5010a788f4b3,bZx Protocol Token,BZRX,18,
bZx_PrivKey_3,0x967bb571f0fc9ee79c892abf9f99233aa1737e31,erc20,0x6cdc52a54079e6f5204ba507010e895afd25d789436e9039bb78b9b3c9514155,13636988,1637206774,0xb699dab9b3f981a01abc0474f085427d20d0d602,0x967bb571f0fc9ee79c892abf9f99233aa1737e31,300000000000000000000000,246870,145732051434,224428,0x12d94235,,0xb699dab9b3f981a01abc0474f085427d20d0d602,YeSwap.net,YeSwap.net,18,
bZx_PrivKey_3,0x967bb571f0fc9ee79c892abf9f99233aa1737e31,erc20,0xcad0f9d09142c5e0b5666757796cc3dd3b582b29e5453b50bdcc25fa706d3048,13662025,1637550489,0xb7f72028d9b502dc871c444363a7ac5a52546608,0x967bb571f0fc9ee79c892abf9f99233aa1737e31,78675872827232460815905,134004,141351470905,113877,0xa9059cbb,"transfer(address _to, uint256 _value)",0x56d811088235f11c8920698a204a5010a788f4b3,bZx Protocol Token,BZRX,18,
bZx_PrivKey_3,0x967bb571f0fc9ee79c892abf9f99233aa1737e31,erc20,0x3a77b7b97a5b935167307ad7837d4648f215a23595ef5c0f1da1dbb0a76b8d6d,13662026,1637550494,0xb7f72028d9b502dc871c444363a7ac5a52546608,0x967bb571f0fc9ee79c892abf9f99233aa1737e31,1159006130159644538244,76707,155428531682,46338,0xa9059cbb,"transfer(address _to, uint256 _value)",0x6c3f90f043a72fa612cbac8115ee7e52bde6e490,Curve.fi DAI/USDC/USDT,3Crv,18,
bZx_PrivKey_3,0x967bb571f0fc9ee79c892abf9f99233aa1737e31,erc20,0x21885762e7586db6ef1df0c503d4c102fff72f999ebc76392f56dc9db4ce7c39,13662036,1637550645,0x967bb571f0fc9ee79c892abf9f99233aa1737e31,0x53cb834c43ce919289a4db2ca54f65e1afb17041,78675872827232460815905,170815,128557616804,113877,0xa9059cbb,"transfer(address _to, uint256 _value)",0x56d811088235f11c8920698a204a5010a788f4b3,bZx Protocol Token,BZRX,18,
bZx_PrivKey_3,0x967bb571f0fc9ee79c892abf9f99233aa1737e31,erc20,0x16edf50974c17cfef1b1fe08feecba1bef66931ad11986f90205b9ec4fc2fddd,13662777,1637560840,0x813413997503e41173f210c908cdb3528835cd42,0x967bb571f0fc9ee79c892abf9f99233aa1737e31,2942463322427021646772,51057,164455370469,29238,0xa9059cbb,"transfer(address _to, uint256 _value)",0x6c3f90f043a72fa612cbac8115ee7e52bde6e490,Curve.fi DAI/USDC/USDT,3Crv,18,
bZx_PrivKey_3,0x967bb571f0fc9ee79c892abf9f99233aa1737e31,erc20,0x31a0c94061a28d900d3f37a15089d6cf3e02e9db640f53d82d67a977c98b4cf6,13663020,1637564032,0x967bb571f0fc9ee79c892abf9f99233aa1737e31,0x0000000000000000000000000000000000000000,4101469452586666185016,231920,139685065446,138756,0x1a4d01d2,"remove_liquidity_one_coin(uint256 _token_amount, int128 i, uint256 _min_amount)",0x6c3f90f043a72fa612cbac8115ee7e52bde6e490,Curve.fi DAI/USDC/USDT,3Crv,18,
bZx_PrivKey_3,0x967bb571f0fc9ee79c892abf9f99233aa1737e31,erc20,0x31a0c94061a28d900d3f37a15089d6cf3e02e9db640f53d82d67a977c98b4cf6,13663020,1637564032,0xbebc44782c7db0a1a60cb6fe97d0b483032ff1c7,0x967bb571f0fc9ee79c892abf9f99233aa1737e31,4181513280341697101559,231920,139685065446,138756,0x1a4d01d2,"remove_liquidity_one_coin(uint256 _token_amount, int128 i, uint256 _min_amount)",0x6b175474e89094c44da98b954eedeac495271d0f,Dai Stablecoin,DAI,18,
bZx_PrivKey_3,0x967bb571f0fc9ee79c892abf9f99233aa1737e31,erc20,0xfd2915eb86ab45527fecdf32c495da10b3a7c11a859e208a04b088373ad10b17,13663023,1637564072,0x967bb571f0fc9ee79c892abf9f99233aa1737e31,0x220bda5c8994804ac96ebe4df184d25e5c2196d4,4181513280341697101559,1017347,137723780506,717512,0x7c025200,0x7c025200(),0x6b175474e89094c44da98b954eedeac495271d0f,Dai Stablecoin,DAI,18,
bZx_PrivKey_3,0x967bb571f0fc9ee79c892abf9f99233aa1737e31,erc20,0xfd2915eb86ab45527fecdf32c495da10b3a7c11a859e208a04b088373ad10b17,13663023,1637564072,0x1111111254fb6c44bac0bed2854e76f90643097d,0x967bb571f0fc9ee79c892abf9f99233aa1737e31,56487044461146450403466,1017347,137723780506,717512,0x7c025200,0x7c025200(),0xb72b31907c1c95f3650b64b2469e08edacee5e8f,bZx Vesting Token,vBZRX,18,
bZx_PrivKey_3,0x967bb571f0fc9ee79c892abf9f99233aa1737e31,erc20,0x05a71ac101f91b114350f3f1d23baa124394b0edceb576fef1dbde1ad785d5d5,13663026,1637564165,0xb72b31907c1c95f3650b64b2469e08edacee5e8f,0x967bb571f0fc9ee79c892abf9f99233aa1737e31,47594541701879211,480802,162006340091,320535,0xa9059cbb,"transfer(address _to, uint256 _value)",0x56d811088235f11c8920698a204a5010a788f4b3,bZx Protocol Token,BZRX,18,
bZx_PrivKey_3,0x967bb571f0fc9ee79c892abf9f99233aa1737e31,erc20,0x05a71ac101f91b114350f3f1d23baa124394b0edceb576fef1dbde1ad785d5d5,13663026,1637564165,0x967bb571f0fc9ee79c892abf9f99233aa1737e31,0x53cb834c43ce919289a4db2ca54f65e1afb17041,56487044461146450403466,480802,162006340091,320535,0xa9059cbb,"transfer(address _to, uint256 _value)",0xb72b31907c1c95f3650b64b2469e08edacee5e8f,bZx Vesting Token,vBZRX,18,
bZx_PrivKey_3,0x967bb571f0fc9ee79c892abf9f99233aa1737e31,erc20,0x0027b4dff9c9ae454450e426b0cf5a52c407bcf1414818a9863f9ecfc0bed6e8,13725628,1638424165,0x1412eca9dc7daef60451e3155bb8dbf9da349933,0x967bb571f0fc9ee79c892abf9f99233aa1737e31,93989280000000000000000,1465515,77814512072,1332287,0x12d94235,,0x1412eca9dc7daef60451e3155bb8dbf9da349933,A68.net,A68.net,18,
bZx_PrivKey_3,0x967bb571f0fc9ee79c892abf9f99233aa1737e31,erc20,0xcdacc29d47a43ce18390e9ad420d3180de83f6585ab0505a97f4fedb9f4aad50,16040697,1669303247,0xdac17f958d2ee523a2206206994597c13d831ec7,0x967bb571f0fc9ee79c892abf9f99233aa1737e31,7000,3000111,13860748874,2582824,0x616da87c,,0x7a6b87d7a874fce4c2d923b09c0e09e4936bcf57,$ USTBonus.com,$ Visit USTBonus.com to claim,0,
bZx_PrivKey_3,0x967bb571f0fc9ee79c892abf9f99233aa1737e31,erc20,0x83266717a2e128c1dbcea9224a49dfd125e31934f40bea79fbd307c430fe71fd,18191971,1695392867,0xde0b295669a9fd93d5f28d9ec85e40f4cb697bae,0x967bb571f0fc9ee79c892abf9f99233aa1737e31,1400000,3581900,12112748868,2984917,0x729ad39e,airdrop(address[] users),0x8282258367864e8348c1e14e34721f5c38973a41,# apyeth.su,Visit https://apyeth.su to claim rewards,6,
bZx_PrivKey_3,0x967bb571f0fc9ee79c892abf9f99233aa1737e31,erc20,0x4649e4b29dd954ac267259ad59204df081071a8f23df8828d1ecab7752570e9e,23050024,1754097191,0x6aa632be6f92e6226bce93883ef2004b7d1aa784,0x967bb571f0fc9ee79c892abf9f99233aa1737e31,100000000000000,19000000,297000000,18712130,0x60806040,"atInversebrah(int248 a, uint48[] b, uint32 c, bytes20[] d, bytes30[] e)",0xd3e8695d2bef061eab38b5ef526c0f714108119c,YFIVE.FINANCE,YFIVE,18,
bZx_PrivKey_3,0x967bb571f0fc9ee79c892abf9f99233aa1737e31,erc721,0x9bf95d86e56efc18c6cb57af3003ac2eec1f69a1c09f40c9459aff6bb8d5ce03,13557268,1636124486,0x399abd36b9c7cef008f75d8805ee5fdf05d41773,0x967bb571f0fc9ee79c892abf9f99233aa1737e31,0,107888,166541622470,98288,0x23b872dd,"transferFrom(address _from, address _to, uint256 _value)",0xe4cfae3aa41115cb94cff39bb5dbae8bd0ea9d41,COVIDPunks,PUNK-19,0,6089
bZx_PrivKey_3,0x967bb571f0fc9ee79c892abf9f99233aa1737e31,erc721,0x98991402711559e9529b2db309c23d224f5e1ec6054130b4984b4d27cfba87a5,13557288,1636124770,0x01a5bea29de489847e1e4bed8bdfeb98e21219fa,0x967bb571f0fc9ee79c892abf9f99233aa1737e31,0,124599,223985401374,110199,0x23b872dd,"transferFrom(address _from, address _to, uint256 _value)",0xbc4ca0eda7647a8ab7c2061c2e118a18a936f13d,BoredApeYachtClub,BAYC,0,3041
bZx_PrivKey_3,0x967bb571f0fc9ee79c892abf9f99233aa1737e31,erc721,0xaf4dca0e3b7ee8f51434f73de4bdc09f65230a8602f086cb7bdd5518393cfc46,13557293,1636124873,0x01a5bea29de489847e1e4bed8bdfeb98e21219fa,0x967bb571f0fc9ee79c892abf9f99233aa1737e31,0,94611,228219005513,85011,0x23b872dd,"transferFrom(address _from, address _to, uint256 _value)",0x5ab21ec0bfa0b29545230395e3adaca7d552c948,PUNKS Comic,COMIC,0,7642
bZx_PrivKey_3,0x967bb571f0fc9ee79c892abf9f99233aa1737e31,erc721,0xa42510551c09abe30881b6fe28c3cf0d600c414c13dc516296bd323b34aa609d,13578978,1636417965,0x967bb571f0fc9ee79c892abf9f99233aa1737e31,0xd3d6373f5b637e712ec620a4ab7cffe24edbc2e3,0,387813,284551390653,278976,0xab834bab,"atomicMatch_(address[14] addrs, uint256[18] uints, uint8[8] feeMethodsSidesKindsHowToCalls, bytes calldataBuy, bytes calldataSell, bytes replacementPatternBuy, bytes replacementPatternSell, bytes staticExtradataBuy, bytes staticExtradataSell, uint8[2] vs, bytes32[5] rssMetadata)",0xbc4ca0eda7647a8ab7c2061c2e118a18a936f13d,BoredApeYachtClub,BAYC,0,3041
bZx_PrivKey_3,0x967bb571f0fc9ee79c892abf9f99233aa1737e31,erc721,0x9edd600fe849755ba3c21bd6e6f7bae9d7f4acabe705ec18defa0d42e4d2e11e,13579056,1636418789,0x967bb571f0fc9ee79c892abf9f99233aa1737e31,0x9048d24577d4c4bbf14f1020f20640b334f8c762,0,348723,210627786370,253707,0xab834bab,"atomicMatch_(address[14] addrs, uint256[18] uints, uint8[8] feeMethodsSidesKindsHowToCalls, bytes calldataBuy, bytes calldataSell, bytes replacementPatternBuy, bytes replacementPatternSell, bytes staticExtradataBuy, bytes staticExtradataSell, uint8[2] vs, bytes32[5] rssMetadata)",0x5ab21ec0bfa0b29545230395e3adaca7d552c948,PUNKS Comic,COMIC,0,7642
