incident_name,hacker_address,related_address,relation_type
Rari_Capital_Fei_2022,0x6162759edad730152f0df8115c698a42e666157f,0x32075bad9050d4767018084f0cb87b3182d36c45,counterparty
Rari_Capital_Fei_2022,0x6162759edad730152f0df8115c698a42e666157f,0xd90e2f925da726b50c4ed8d0fb90ad053324f31b,counterparty
Rari_Capital_Fei_2022,0x6162759edad730152f0df8115c698a42e666157f,0xf35821c4244bf94f71ad12965cffd0d695778601,counterparty
Rari_Capital_Fei_2022,0x6162759edad730152f0df8115c698a42e666157f,0x718ad3f04659a9893b0a0d6a316fd06859048073,counterparty
Rari_Capital_Fei_2022,0x6162759edad730152f0df8115c698a42e666157f,0xfb3a459a852e9631a011fa083b2270733764923b,counterparty
Rari_Capital_Fei_2022,0x6162759edad730152f0df8115c698a42e666157f,0x853d955acef822db058eb8505911ed77f175b99e,counterparty
Rari_Capital_Fei_2022,0x6162759edad730152f0df8115c698a42e666157f,0xfee345fcd83ce10c744504c264f7f954cfd1fc05,counterparty
Rari_Capital_Fei_2022,0x6162759edad730152f0df8115c698a42e666157f,0xdc09ef6ba2a135b350d3d05c409497485d8b0a00,counterparty
Rari_Capital_Fei_2022,0x6162759edad730152f0df8115c698a42e666157f,0x246f21368af45fb8605ec0d4ac92b81c4e695186,counterparty
Rari_Capital_Fei_2022,0x6162759edad730152f0df8115c698a42e666157f,0xc448e14099c27903f04d68d2ad16c4ac92bb3229,counterparty
Rari_Capital_Fei_2022,0x6162759edad730152f0df8115c698a42e666157f,0x956f47f50a910163d8bf957cf5846d573e7f87ca,counterparty
Rari_Capital_Fei_2022,0x6162759edad730152f0df8115c698a42e666157f,0x00000000219ab540356cbb839cbe05303d7705fa,counterparty
Rari_Capital_Fei_2022,0x6162759edad730152f0df8115c698a42e666157f,0x98d1c76831c0abea30e3dac8628bd72d6b0e3dd2,counterparty
Rari_Capital_Fei_2022,0x6162759edad730152f0df8115c698a42e666157f,0x03cf40b900971561ac6bd997ef1fe939dcbc95e2,counterparty
Rari_Capital_Fei_2022,0x6162759edad730152f0df8115c698a42e666157f,0xa09a4e239fa3f604e23975622ba82798f30d393d,counterparty
Rari_Capital_Fei_2022,0x6162759edad730152f0df8115c698a42e666157f,0xdb99b0477574ac0b2d9c8cec56b42277da3fdb82,counterparty
Rari_Capital_Fei_2022,0x6162759edad730152f0df8115c698a42e666157f,0x47ce0c6ed5b0ce3d3a51fdb1c52dc66a7c3c2936,counterparty
Rari_Capital_Fei_2022,0x6162759edad730152f0df8115c698a42e666157f,0xc02aaa39b223fe8d0a0e5c4f27ead9083c756cc2,counterparty
Rari_Capital_Fei_2022,0x6162759edad730152f0df8115c698a42e666157f,0xd690758a425ed7b2e3a225c2b40bc65300c67d4f,counterparty
Rari_Capital_Fei_2022,0x6162759edad730152f0df8115c698a42e666157f,0x5c61cf2d69623de5bd934455489c2328f814c19d,counterparty
Rari_Capital_Fei_2022,0x6162759edad730152f0df8115c698a42e666157f,0x14d1b27d79e97e96622618f9d4fa9b1e1e9ef082,counterparty
Rari_Capital_Fei_2022,0x6162759edad730152f0df8115c698a42e666157f,0xdac17f958d2ee523a2206206994597c13d831ec7,counterparty
Rari_Capital_Fei_2022,0x6162759edad730152f0df8115c698a42e666157f,0xef8235488e12b5114215a5024b917031d9085f75,counterparty
Rari_Capital_Fei_2022,0x6162759edad730152f0df8115c698a42e666157f,0xdbc163d52adde75a78bc16931da7e65fff8b4e80,counterparty
Rari_Capital_Fei_2022,0x6162759edad730152f0df8115c698a42e666157f,0x0ee5d05ea883ac51ea35b7051433d4d3512b6740,counterparty
Rari_Capital_Fei_2022,0x6162759edad730152f0df8115c698a42e666157f,0x527a3ab8f1ff9172fd7d380863c54edec60bd41d,counterparty
Rari_Capital_Fei_2022,0x6162759edad730152f0df8115c698a42e666157f,0xde0b295669a9fd93d5f28d9ec85e40f4cb697bae,counterparty
Rari_Capital_Fei_2022,0x6162759edad730152f0df8115c698a42e666157f,0x2a188f9eb761f70ecea083ba6c2a40145078dfc2,counterparty
Rari_Capital_Fei_2022,0x6162759edad730152f0df8115c698a42e666157f,0xc140737ab7dc9df217394baa83352f783c9897c9,counterparty
Rari_Capital_Fei_2022,0x6162759edad730152f0df8115c698a42e666157f,0x4bf8e62c707b5fea466edde8b442582bd782d8e3,counterparty
Rari_Capital_Fei_2022,0x6162759edad730152f0df8115c698a42e666157f,0x542f3881d2f2c21d983737032e34029281134f87,counterparty
Rari_Capital_Fei_2022,0x6162759edad730152f0df8115c698a42e666157f,0xf3b123f7f659d71086b4b2a2be6b2a90622bf32f,counterparty
Rari_Capital_Fei_2022,0x6162759edad730152f0df8115c698a42e666157f,0x8ed80052d4d6d076e2b745d31b2dea5a824c763e,counterparty
Rari_Capital_Fei_2022,0x6162759edad730152f0df8115c698a42e666157f,0x03ab458634910aad20ef5f1c8ee96f1d6ac54919,counterparty
Rari_Capital_Fei_2022,0x6162759edad730152f0df8115c698a42e666157f,0x290ca4da2c963dea5ae736469a5b8a53d64d4e6a,counterparty
Rari_Capital_Fei_2022,0x6162759edad730152f0df8115c698a42e666157f,0x5f98805a4e8be255a32880fdec7f6728c6568ba0,counterparty
Rari_Capital_Fei_2022,0x6162759edad730152f0df8115c698a42e666157f,0x6b175474e89094c44da98b954eedeac495271d0f,counterparty
Rari_Capital_Fei_2022,0x6162759edad730152f0df8115c698a42e666157f,0xbdc5fb41cc29e92453346fecb58b1f66a0552e02,counterparty
Rari_Capital_Fei_2022,0x6162759edad730152f0df8115c698a42e666157f,0xe39f3c40966df56c69aa508d8ad459e77b8a2bc1,counterparty
Rari_Capital_Fei_2022,0x6162759edad730152f0df8115c698a42e666157f,0x6bd71a44af6d03477eb6f47a92265bb41e8b33f9,counterparty
Rari_Capital_Fei_2022,0x6162759edad730152f0df8115c698a42e666157f,0x2d42c17ab63bf6dc7c95c5f0b2eb4a59f0533222,counterparty
Rari_Capital_Fei_2022,0x6162759edad730152f0df8115c698a42e666157f,0x09f2f7213820bff196ee629348d4ca9e88e953f6,counterparty
Rari_Capital_Fei_2022,0x6162759edad730152f0df8115c698a42e666157f,0x0000000000000000000000000000000000000000,counterparty
Rari_Capital_Fei_2022,0x6162759edad730152f0df8115c698a42e666157f,0xa693b19d2931d498c5b318df961919bb4aee87a5,counterparty
Rari_Capital_Fei_2022,0x6162759edad730152f0df8115c698a42e666157f,0xa0b86991c6218b36c1d19d4a2e9eb0ce3606eb48,counterparty
Rari_Capital_Fei_2022,0x6162759edad730152f0df8115c698a42e666157f,0xe235fcb058f8361cdf1749b513dd6630c92a15c6,counterparty
Rari_Capital_Fei_2022,0x6162759edad730152f0df8115c698a42e666157f,0x89f33235bf2e28cb1ecf80b96bc40d88440b59b3,counterparty
Rari_Capital_Fei_2022,0x6162759edad730152f0df8115c698a42e666157f,0xdef171fe48cf0115b1d80b88dc8eab59176fee57,counterparty
Rari_Capital_Fei_2022,0x6162759edad730152f0df8115c698a42e666157f,0x11e52c75998fe2e7928b191bfc5b25937ca16741,counterparty
Rari_Capital_Fei_2022,0x6162759edad730152f0df8115c698a42e666157f,0xba989ec22a808aeb990f1a8ac828e5b749121997,counterparty
Rari_Capital_Fei_2022,0x6162759edad730152f0df8115c698a42e666157f,0x9008d19f58aabd9ed0d60971565aa8510560ab41,counterparty
